KeyBucket,KeyStrokes,TotalTime,VOID,Stroke1,Stroke2,Stroke3
i,i,0.36036399299883,,0,0,0
o,o,1.2414822120008,,0,0,0
A,A,0.21752291899975,,0,0,0
i,i,0.95074662799925,,0,0,0
i,i,1.0543436050011,,0,0,0
o,o,0.45332302399947,,0,0,0
i,i,0.26662106399999,,0,0,0
A,A,0.35234258099999,,0,0,0
d**,ddi,1.63189025,,0.0053808520000302,1.498699845,0
s,s,1.3545412850001,,0,0,0
s,s,1.737835848,,0,0,0
i,i,0.23676335499977,,0,0,0
cc,cc,0.42303509300018,,0.0055629980001868,0,0
s,s,0.022944539000036,,0,0,0
ci*,ci[,2.299850629,,0.70308104900005,5.6152000070142e-05,0
ci*,ci{,0.49996443100008,,0.35572792899984,5.7270000070275e-05,0
i,i,0.059966844999963,,0,0,0
ci*,ci[,1.9599560010001,,0.45180998199976,5.6990000302903e-05,0
ci*,ci{,0.68581684099991,,0.37396292899984,5.6711000070209e-05,0
ci*,ci{,0.71259650499996,,0.3778966699997,7.6266000178293e-05,0
ci*,ci{,1.3786787129998,,0.75565980299962,5.9784000313812e-05,0
ci*,ci[,0.88404792100027,,0.62297951900018,6.0342999859131e-05,0
ci*,ci[,1.0272571979999,,0.4684000809998,0.00020952400018359,0
ci*,ci{,1.0400588259999,,0.40005032500039,7.486999993489e-05,0
ci*,ci{,0.73495381800012,,0.35452554099993,6.0343000313878e-05,0
ci*,ci{,1.265770217,,0.7965772980001,7.6825999713037e-05,0
ci*,ci{,1.33355342,,0.62610030799988,5.8106999858865e-05,0
ci*,ci{,1.7148639319998,,1.0156403579999,0.31221792499991,0
a,a,0.0070293849998961,,0,0,0
ci*,ci[,2.1941559009997,,0.3241839719999,5.8108000303037e-05,0
ci*,ci[,1.5128013590002,,0.8895083919997,8.3809999978257e-05,0
ci*,ci[,0.91424589600001,,0.51873273899992,7.2635000378796e-05,0
a,a,0.093289520000326,,0,0,0
ci*,ci{,4.5951434170001,,1.0051859549999,9.3867000032333e-05,0
i,i,0.32534138100027,,0,0,0
a,a,0.096852263000073,,0,0,0
ci*,ci{,1.0431731890003,,0.67056490100003,0.00047911199999362,0
ci*,ci[,0.9710304930004,,0.66812325000001,7.486999993489e-05,0
i,i,0.14663122000002,,0,0,0
ci*,ci[,1.1867651959997,,0.88341879100017,5.7828999615595e-05,0
ci*,ci(,0.57718235300035,,0.39919127799976,8.3250999978191e-05,0
ci*,ci[,0.69990550500006,,0.39995534100035,7.5987999935023e-05,0
ci*,ci[,0.97586658299997,,0.59710025000004,0.00010504099964237,0
a,a,0.073317704999681,,0,0,0
ci*,ci{,1.3125004630001,,0.34971990200029,5.5872999837447e-05,0
o,o,0.94764036700008,,0,0,0
A,A,0.683657907,,0,0,0
o,o,1.5599473000002,,0,0,0
O,O,0.83996717399987,,0,0,0
A,A,0.37616795799977,,0,0,0
A,A,0.63995011400038,,0,0,0
A,A,0.25397532099987,,0,0,0
A,A,0.46995195399995,,0,0,0
d**,dlo,1.543189861,,6.2858000092092e-05,0.54666506300009,0
s,s,0.011412625000048,,0,0,0
ci*,ci{,0.70622781699967,,0.34628063699984,6.1740000091959e-05,0
A,A,0.97327770600077,,0,0,0
i,i,0.15494820000004,,0,0,0
i,i,0.97781627200038,,0,0,0
C,C,0.011707354999999,,0,0,0
o,o,0.53962757600038,,0,0,0
i,i,0.28473454100003,,0,0,0
i,i,14.499937892,,0,0,0
o,o,0.19497591700019,,0,0,0
o,o,0.75319049399968,,0,0,0
cw,cw,1.6118242900002,,0.0040108449993568,0,0
O,O,1.5427227629998,,0,0,0
o,o,0.54737744499926,,0,0,0
A,A,0.26230040199971,,0,0,0
A,A,2.2594390650002,,0,0,0
i,i,0.52656110999942,,0,0,0
A,A,0.29993619500056,,0,0,0
O,O,1.7261064229997,,0,0,0
A,A,0.77988159899996,,0,0,0
o,o,1.2697156909999,,0,0,0
A,A,0.29999486199995,,0,0,0
o,o,2.5173889139996,,0,0,0
i,i,2.8055090810003,,0,0,0
A,A,1.1096735470001,,0,0,0
o,o,1.3264097740002,,0,0,0
i,i,0.34664632600015,,0,0,0
d**,dlA,2.7681669009999,,3.3243999496335e-05,0.87357871200038,0
A,A,0.16026507799961,,0,0,0
o,o,3.1371182989997,,0,0,0
A,A,0.43870803700065,,0,0,0
o,o,0.63765373200022,,0,0,0
A,A,0.46360617499977,,0,0,0
a,a,0.20397985599993,,0,0,0
o,o,0.86918821000017,,0,0,0
A,A,0.15300465699966,,0,0,0
o,o,2.8113366380003,,0,0,0
d**,dlo,1.5345030019998,,5.252000028122e-05,0.34986628899969,0
o,o,2.1051364770001,,0,0,0
o,o,0.78721493400008,,0,0,0
i,i,1.0161772970005,,0,0,0
o,o,0.71348572399984,,0,0,0
o,o,0.58475566200013,,0,0,0
i,i,1.2442722309997,,0,0,0
o,o,1.9244699219998,,0,0,0
i,i,0.4270962239998,,0,0,0
o,o,0.8974934859998,,0,0,0
o,o,0.81849209699976,,0,0,0
o,o,1.560344558,,0,0,0
O,O,0.58658159299921,,0,0,0
o,o,0.41309248800007,,0,0,0
o,o,0.51860004099944,,0,0,0
A,A,0.13336947799962,,0,0,0
i,i,3.7051207130007,,0,0,0
o,o,0.289384574,,0,0,0
o,o,0.83661004400074,,0,0,0
i,i,0.46258844800013,,0,0,0
o,o,0.27716095100004,,0,0,0
d**,dlo,2.8845398040003,,2.8774000384146e-05,1.4432888869997,0
I,I,0.27692544599995,,0,0,0
o,o,0.77342742600013,,0,0,0
O,O,1.2391319130002,,0,0,0
A,A,0.17303346199969,,0,0,0
o,o,0.89225091999924,,0,0,0
A,A,0.23005579799974,,0,0,0
o,o,1.2232877189999,,0,0,0
O,O,0.86293378299979,,0,0,0
A,A,3.6242520470005,,0,0,0
d**,dwA,1.0830704419996,,0.0045218049999676,0.72626779599977,0
i,i,0.13655507899966,,0,0,0
A,A,0.99064807200011,,0,0,0
o,o,1.1585194250001,,0,0,0
i,i,0.32752350300052,,0,0,0
o,o,0.48477032000028,,0,0,0
o,o,0.48324470699936,,0,0,0
o,o,1.4232706970006,,0,0,0
O,O,0.84334022999974,,0,0,0
ci*,ci[,5.0328471350003,,0.70615797699975,6.2019000324653e-05,0
cw,cw,1.3941667170002,,0.0021600509999189,0,0
o,o,0.62853022499985,,0,0,0
i,i,0.3515723720011,,0,0,0
o,o,1.2659093409984,,0,0,0
ci*,ci",1.5394810099988,,1.0222034830003,8.0735999290482e-05,0
o,o,3.5391560280004,,0,0,0
ci*,ci",1.7741832090014,,0.44429226600005,8.1853999290615e-05,0
i,i,5.2665835700009,,0,0,0
i,i,0.75392047600144,,0,0,0
cw,cw,1.080797527,,0.0047251820014935,0,0
i,i,0.093633976999627,,0,0,0
i,i,1.5246221359994,,0,0,0
o,o,0.59307515700129,,0,0,0
A,A,0.42607989299904,,0,0,0
i,i,2.890531907,,0,0,0
i,i,0.5209277110007,,0,0,0
i,i,0.77956563800035,,0,0,0
a,a,1.0732731070002,,0,0,0
O,O,0.37327988099969,,0,0,0
A,A,0.40823237199947,,0,0,0
o,o,0.21533493099923,,0,0,0
A,A,0.18987750300039,,0,0,0
d**,ddO,1.4967484789995,,0.0045282289993338,1.1223159370002,0
O,O,1.1520945850007,,0,0,0
i,i,1.1620860799994,,0,0,0
O,O,1.7865764060007,,0,0,0
i,i,0.63022513299984,,0,0,0
i,i,0.39837217899913,,0,0,0
I,I,0.60825222700078,,0,0,0
o,o,0.36946040099974,,0,0,0
i,i,0.26021661800041,,0,0,0
A,A,0.93030967100094,,0,0,0
o,o,0.652826051999,,0,0,0
A,A,0.1847081299984,,0,0,0
o,o,1.2826131420006,,0,0,0
o,o,3.5082926060004,,0,0,0
A,A,0.72352638600023,,0,0,0
A,A,1.0373682609988,,0,0,0
O,O,0.72808674299995,,0,0,0
A,A,0.36585295899931,,0,0,0
i,i,0.41672786600066,,0,0,0
O,O,0.69384719200025,,0,0,0
o,o,0.64573716199993,,0,0,0
A,A,0.33980802599945,,0,0,0
o,o,0.75104608800029,,0,0,0
i,i,0.68124642700059,,0,0,0
i,i,0.78092027900129,,0,0,0
i,i,0.93653253000048,,0,0,0
i,i,0.94336300800023,,0,0,0
o,o,1.5432261789992,,0,0,0
A,A,0.26427551399865,,0,0,0
i,i,0.36348226700102,,0,0,0
A,A,0.86001246100022,,0,0,0
cw,cw,0.49752473499939,,0.0045282290011528,0,0
i,i,0.1232486379995,,0,0,0
o,o,1.2824036169986,,0,0,0
O,O,1.0430402120001,,0,0,0
o,o,2.829587563001,,0,0,0
o,o,0.84679513799892,,0,0,0
cw,cw,3.1300995289985,,0.0041119750003418,0,0
o,o,0.7466441309989,,0,0,0
d**,ddO,7.0176481950002,,0.013388853998549,5.0324895480007,0
cw,cw,0.2619316399996,,0.012686529998973,0,0
i,i,0.77981399300006,,0,0,0
o,o,3.0833435819986,,0,0,0
o,o,0.96413436500006,,0,0,0
A,A,0.38991244400131,,0,0,0
i,i,0.34258044600028,,0,0,0
i,i,0.46726194700022,,0,0,0
i,i,1.0637959240012,,0,0,0
i,i,0.44335024700013,,0,0,0
cw,cw,0.82297423099953,,0.0045701339986408,0,0
i,i,1.6626550569999,,0,0,0
i,i,0.37226355200073,,0,0,0
C,C,0.39618419100043,,0,0,0
i,i,2.0082107420003,,0,0,0
i,i,0.40205449200039,,0,0,0
i,i,0.62056273099915,,0,0,0
i,i,0.84068458500042,,0,0,0
o,o,0.4579761290006,,0,0,0
cw,cw,25.10706416,,0.0045030870005576,0,0
i,i,1.844465053,,0,0,0
A,A,0.52103163500033,,0,0,0
i,i,0.34054946200013,,0,0,0
i,i,1.0063930920005,,0,0,0
i,i,0.57309635799902,,0,0,0
A,A,0.14130708000084,,0,0,0
i,i,0.36576607700044,,0,0,0
A,A,0.19253147199925,,0,0,0
o,o,0.42323958799898,,0,0,0
i,i,0.33653219100052,,0,0,0
o,o,1.2901789080006,,0,0,0
A,A,0.26988656299909,,0,0,0
i,i,0.41345230899969,,0,0,0
o,o,0.84089773999949,,0,0,0
i,i,0.33451405599953,,0,0,0
O,O,1.4978723650001,,0,0,0
cw,cw,1.8092153189991,,0.004450287000509,0,0
cw,cw,0.48672447900026,,0.0041362799984199,0,0
i,i,0.50404707300004,,0,0,0
i,i,0.66328213199995,,0,0,0
A,A,0.90532800199981,,0,0,0
o,o,1.4400155650001,,0,0,0
O,O,0.60480402300163,,0,0,0
i,i,0.8731518429995,,0,0,0
i,i,0.99889940200046,,0,0,0
i,i,0.17693591300122,,0,0,0
cw,cw,3.4301360170011,,0.0019653340004879,0,0
cw,cw,1.4376035260011,,0.0060862489990541,0,0
cw,cw,0.64622605099976,,0.004092141000001,0,0
o,o,1.0625298409996,,0,0,0
i,i,0.42698671300059,,0,0,0
i,i,0.36040757299997,,0,0,0
i,i,0.44279458900019,,0,0,0
A,A,1.1230660320016,,0,0,0
i,i,0.45310986799996,,0,0,0
i,i,0.43110176099981,,0,0,0
i,i,1.0941011750001,,0,0,0
i,i,0.78693389299951,,0,0,0
i,i,0.4035060719998,,0,0,0
i,i,0.95409789299993,,0,0,0
i,i,1.4888075250001,,0,0,0
i,i,2.7641744940011,,0,0,0
i,i,0.6923930970006,,0,0,0
i,i,0.44951751100052,,0,0,0
i,i,2.1604099879987,,0,0,0
i,i,0.58895787300025,,0,0,0
i,i,0.58285402399997,,0,0,0
i,i,0.63709276699956,,0,0,0
i,i,0.39177441300126,,0,0,0
i,i,0.91392323000036,,0,0,0
i,i,0.67408238800272,,0,0,0
i,i,0.45852396400005,,0,0,0
i,i,0.4784778989997,,0,0,0
i,i,0.60653496899977,,0,0,0
i,i,0.42450371499945,,0,0,0
a,a,1.9851871430001,,0,0,0
o,o,1.0660023499986,,0,0,0
o,o,0.61042708500099,,0,0,0
o,o,0.93400511399886,,0,0,0
A,A,0.41331653900124,,0,0,0
I,I,0.98334881999835,,0,0,0
A,A,1.1643056350003,,0,0,0
cw,cw,2.9024906900013,,0.0024690290010767,0,0
cw,cw,0.42474843899981,,0.002343034997466,0,0
i,i,0.896642538999,,0,0,0
i,i,1.884639994998,,0,0,0
i,i,0.37358718299947,,0,0,0
cw,cw,1.0610707169981,,0.0020561279998219,0,0
cw,cw,1.2626723380017,,0.0020158990009804,0,0
i,i,0.37182159599979,,0,0,0
O,O,1.2562913580005,,0,0,0
d**,ddo,1.2500581630011,,0.0020471879979596,0.45139680000284,0
A,A,0.57465074599895,,0,0,0
a,a,1.2632944830002,,0,0,0
o,o,0.77856830399833,,0,0,0
cw,cw,1.842979948,,0.0021480390023498,0,0
cw,cw,1.0348576059987,,0.0020240000012564,0,0
o,o,3.0822800390015,,0,0,0
I,I,0.84447780399933,,0,0,0
A,A,0.92310428600103,,0,0,0
o,o,1.9217321439974,,0,0,0
o,o,0.90628929800005,,0,0,0
i,i,0.16235389100257,,0,0,0
A,A,1.3033409180025,,0,0,0
I,I,0.82627604799927,,0,0,0
A,A,0.093561901001522,,0,0,0
d**,ddO,1.7714012910001,,0.0043312779998814,0.42711773499832,0
I,I,0.83661451399894,,0,0,0
i,i,0.73312090300169,,0,0,0
A,A,2.4681175639998,,0,0,0
A,A,0.72215358599715,,0,0,0
a,a,0.20171532200038,,0,0,0
cw,cw,0.8132799820014,,0.0051118240007781,0,0
cw,cw,0.5794225819991,,0.0053534740000032,0,0
cw,cw,0.70421303600233,,0.0051361279984121,0,0
i,i,1.2097644899986,,0,0,0
cw,cw,0.82010682799955,,0.0077666300021519,0,0
cw,cw,1.0737145040002,,0.0044472139998106,0,0
cw,cw,0.32259997100118,,0.0045181730019976,0,0
i,i,0.31344852799884,,0,0,0
o,o,0.24797707200196,,0,0,0
o,o,0.093277787000261,,0,0,0
o,o,0.098620644999755,,0,0,0
o,o,0.086634761999449,,0,0,0
o,o,0.0069263000004867,,0,0,0
o,o,0.10152268999809,,0,0,0
o,o,0.14762380500179,,0,0,0
o,o,0.098265012999036,,0,0,0
o,o,0.11248972700196,,0,0,0
o,o,0.13679169999887,,0,0,0
o,o,0.15385755800162,,0,0,0
o,o,0.12483459299983,,0,0,0
o,o,0.086598723999487,,0,0,0
o,o,0.84376039500057,,0,0,0
i,i,0.68646217499918,,0,0,0
o,o,1.9793470139994,,0,0,0
I,I,0.90342776000034,,0,0,0
A,A,0.27329677300077,,0,0,0
A,A,0.30685634900146,,0,0,0
i,i,2.3587952779999,,0,0,0
ci*,ci",15.306352195999,,0.26329494199672,0.22987560800175,0
i,i,0.71656013699976,,0,0,0
i,i,0.40013357599673,,0,0,0
O,O,0.71987396700206,,0,0,0
i,i,0.40308395200191,,0,0,0
i,i,0.45078247600031,,0,0,0
A,A,0.1573814709991,,0,0,0
A,A,1.3961197579993,,0,0,0
i,i,0.69320940200123,,0,0,0
o,o,20.357089596,,0,0,0
i,i,3.8205795329995,,0,0,0
i,i,0.27589179600182,,0,0,0
A,A,0.74477825199938,,0,0,0
i,i,0.49661847500101,,0,0,0
i,i,1.9597325079994,,0,0,0
i,i,0.28744186900076,,0,0,0
cw,cw,0.45320652800001,,0.0042921659987769,0,0
i,i,0.80075492399919,,0,0,0
C,C,1.4292896199986,,0,0,0
O,O,0.33973930200227,,0,0,0
A,A,0.42849360900072,,0,0,0
A,A,15.360311015,,0,0,0
A,A,0.27625301499938,,0,0,0
A,A,0.48474769099994,,0,0,0
i,i,1.3369474270003,,0,0,0
i,i,0.71256493699912,,0,0,0
i,i,0.42851064899878,,0,0,0
i,i,0.4734996119987,,0,0,0
i,i,0.32265640299738,,0,0,0
A,A,0.29346274600175,,0,0,0
i,i,0.44036970000161,,0,0,0
i,i,0.52948382800241,,0,0,0
i,i,0.34565988800023,,0,0,0
o,o,0.27033550199849,,0,0,0
d**,ddO,1.2808137510001,,0.0045466669980669,0.82900572500148,0
a,a,0.80656515999726,,0,0,0
o,o,0.46669316000043,,0,0,0
o,o,0.25100036199728,,0,0,0
o,o,0.78655367699685,,0,0,0
o,o,1.1715297390001,,0,0,0
o,o,1.0065475800002,,0,0,0
cw,cw,1.6799977650007,,0.0038373600000341,0,0
cw,cw,0.24832097099716,,0.0018449279996275,0,0
i,i,0.29347419999976,,0,0,0
A,A,0.4419701830011,,0,0,0
d**,dli,2.3329794249985,,4.0787999751046e-05,1.22627078,0
i,i,0.56456594399788,,0,0,0
o,o,0.31495877600173,,0,0,0
A,A,0.37977875200158,,0,0,0
i,i,1.374796655,,0,0,0
i,i,1.1655468550016,,0,0,0
A,A,0.22997981099979,,0,0,0
i,i,0.85959816299874,,0,0,0
A,A,0.55776535800032,,0,0,0
i,i,0.57662278399948,,0,0,0
A,A,0.19408837399897,,0,0,0
cw,cw,1.2905915310002,,0.0075716339997598,0,0
i,i,0.90147276300195,,0,0,0
d**,ddO,1.8365592990012,,0.0051051190021099,0.70999645299889,0
A,A,0.23510616099884,,0,0,0
a,a,0.3391825280014,,0,0,0
cw,cw,0.43445721600074,,0.0050400270010869,0,0
cw,cw,1.0909490979975,,0.0043572589966061,0,0
i,i,0.91662608699698,,0,0,0
cw,cw,1.0782673180001,,0.0049623630002316,0,0
i,i,1.0765360919977,,0,0,0
i,i,0.76178683900071,,0,0,0
A,A,0.30076423299761,,0,0,0
A,A,0.46965750299933,,0,0,0
A,A,0.26996674099792,,0,0,0
A,A,0.47821054700034,,0,0,0
o,o,0.31357759500315,,0,0,0
cw,cw,0.38571442399916,,0.0020586419996107,0,0
i,i,0.36208069199711,,0,0,0
i,i,2.9035807729997,,0,0,0
i,i,12.189865012999,,0,0,0
i,i,0.41870102199755,,0,0,0
i,i,0.48229067500142,,0,0,0
cw,cw,1.0379658220008,,0.0040801279974403,0,0
O,O,1.0464705359991,,0,0,0
o,o,0.53327257800265,,0,0,0
i,i,1.3419497400027,,0,0,0
i,i,1.9341946229979,,0,0,0
A,A,0.38464417599971,,0,0,0
o,o,0.824507946003,,0,0,0
o,o,2.785055641998,,0,0,0
cc,cc,3.4524790819996,,0.00017991099957726,0,0
o,o,0.21003788900271,,0,0,0
d**,dda,2.0317589879996,,0.0044452590009314,1.6719419920009,0
O,O,0.86639148500035,,0,0,0
i,i,0.92993783600105,,0,0,0
A,A,0.76815832099965,,0,0,0
cw,cw,0.74017235800056,,0.004379327998322,0,0
cw,cw,0.95749273800175,,0.0041670110003906,0,0
cw,cw,0.56283890899795,,0.0044433020011638,0,0
cw,cw,0.58748031099822,,0.0086354559971369,0,0
o,o,1.1496805909992,,0,0,0
o,o,0.98559435700008,,0,0,0
i,i,2.6190984989989,,0,0,0
o,o,1.3050707469993,,0,0,0
o,o,1.4069920909969,,0,0,0
o,o,1.1411602340013,,0,0,0
cw,cw,0.3265879089995,,0.0050928269993165,0,0
i,i,0.59738017400014,,0,0,0
A,A,0.65354737300004,,0,0,0
o,o,0.55020657500063,,0,0,0
i,i,0.37639117099752,,0,0,0
A,A,0.59923599700051,,0,0,0
o,o,1.1131982970001,,0,0,0
cw,cw,0.94606195400047,,0.0043617279989121,0,0
i,i,0.43079837100231,,0,0,0
A,A,0.52071790899936,,0,0,0
o,o,2.2278889629997,,0,0,0
A,A,0.20356025000001,,0,0,0
i,i,0.16220973800228,,0,0,0
i,i,2.6358073279989,,0,0,0
o,o,0.86089050699957,,0,0,0
I,I,0.36667708599998,,0,0,0
d**,ddO,2.3548992520009,,0.0043025029990531,0.99342859299941,0
o,o,0.60328204199686,,0,0,0
i,i,0.24126392799735,,0,0,0
i,i,0.53846010900088,,0,0,0
A,A,0.50717009599975,,0,0,0
o,o,1.0742905550032,,0,0,0
O,O,0.80661935800163,,0,0,0
o,o,0.66999555599978,,0,0,0
O,O,0.89522029200089,,0,0,0
i,i,0.18654300100025,,0,0,0
A,A,0.42647603299702,,0,0,0
A,A,0.22060850700291,,0,0,0
o,o,1.2977304279993,,0,0,0
o,o,1.6066049100009,,0,0,0
o,o,0.1903130339997,,0,0,0
i,i,0.33142595499885,,0,0,0
o,o,0.26423360899935,,0,0,0
A,A,0.68553300699932,,0,0,0
i,i,0.76808177400017,,0,0,0
o,o,0.48999444799847,,0,0,0
A,A,0.44027611199999,,0,0,0
A,A,0.26215010399756,,0,0,0
i,i,1.4865983059972,,0,0,0
o,o,0.75276166900221,,0,0,0
cw,cw,6.4116808959989,,0.0055928899964783,0,0
O,O,0.9197370969996,,0,0,0
a,a,0.010854173000553,,0,0,0
i,i,1.094077709,,0,0,0
i,i,0.3205340659988,,0,0,0
i,i,0.076888551000593,,0,0,0
i,i,0.93246636999902,,0,0,0
d**,ddO,1.9145155829974,,0.0042279119988962,1.1003519700025,0
o,o,0.56961518999742,,0,0,0
C,C,0.0087270879994321,,0,0,0
cw,cw,0.30196773900025,,0.0047095379995881,0,0
O,O,0.42988009700275,,0,0,0
d**,ddO,1.4429796290024,,0.0043748579992098,0.47858796900255,0
d**,ddo,1.082008854999,,0.0043684330012184,0.72737575900101,0
o,o,1.1082792349989,,0,0,0
a,a,0.45058189300107,,0,0,0
a,a,0.46005739999964,,0,0,0
A,A,0.89647855300063,,0,0,0
A,A,0.27269725500082,,0,0,0
o,o,0.14506286499818,,0,0,0
O,O,0.40356669500034,,0,0,0
o,o,0.2359889549989,,0,0,0
O,O,1.3328667410024,,0,0,0
o,o,0.29380971700448,,0,0,0
O,O,0.48956757799897,,0,0,0
d**,ddA,2.161923589003,,0.0043329530017218,1.4896310940021,0
a,a,0.58006428299996,,0,0,0
d**,dli,4.405620148,,6.3696000012214e-05,3.893605302,0
o,o,1.306082886,,0,0,0
o,o,0.73543795699993,,0,0,0
a,a,3.314271838,,0,0,0
o,o,1.089925505,,0,0,0
o,o,0.29974231599999,,0,0,0
o,o,3.939955611,,0,0,0
I,I,0.26355559000001,,0,0,0
o,o,0.81334423500005,,0,0,0
I,I,0.39682254000002,,0,0,0
A,A,0.18323783199992,,0,0,0
A,A,0.182709832,,0,0,0
i,i,1.401803721,,0,0,0
cw,cw,1.854926439,,0.0043851950000544,0,0
cw,cw,0.71325049799998,,0.0053431380000575,0,0
cw,cw,1.0347732380001,,0.0043273659999841,0,0
cw,cw,0.50453288899996,,0.0045648270000811,0,0
cw,cw,1.039871093,,0.0099624399999811,0,0
O,O,0.39756900400005,,0,0,0
o,o,0.36685029299997,,0,0,0
i,i,0.69474535100017,,0,0,0
i,i,0.33554351699991,,0,0,0
i,i,0.081406444000095,,0,0,0
i,i,0.439147198,,0,0,0
i,i,0.51006990700012,,0,0,0
cw,cw,2.9723364459999,,0.0044100589998379,0,0
cw,cw,0.270495579,,0.0041108579998763,0,0
A,A,0.14551543599987,,0,0,0
a,a,0.21282092499996,,0,0,0
cw,cw,2.20362191,,0.0049889029999122,0,0
cw,cw,0.38869133899993,,0.0045542110001406,0,0
cw,cw,2.1626761990001,,0.0043748579998919,0,0
cw,cw,1.057613293,,0.0039952009999524,0,0
cw,cw,1.5255362189998,,0.0043807250001464,0,0
A,A,0.33181064099995,,0,0,0
o,o,1.4875048460001,,0,0,0
O,O,0.77611240399983,,0,0,0
A,A,0.20597172899988,,0,0,0
i,i,1.0699559250002,,0,0,0
i,i,0.11664528300003,,0,0,0
i,i,3.8701808149999,,0,0,0
O,O,1.623491695,,0,0,0
o,o,0.73290635100011,,0,0,0
i,i,0.61006418900001,,0,0,0
i,i,1.2965657550001,,0,0,0
i,i,0.43656586399993,,0,0,0
d**,dlA,1.6161740049999,,3.2685999940441e-05,1.0394696450001,0
A,A,0.37323993200016,,0,0,0
i,i,0.91995276800003,,0,0,0
i,i,0.64068568199991,,0,0,0
o,o,1.747536803,,0,0,0
o,o,1.051477318,,0,0,0
a,a,0.49973423399979,,0,0,0
cw,cw,1.4826204249998,,0.0044690040001569,0,0
O,O,1.0132221729998,,0,0,0
o,o,1.3222500269999,,0,0,0
o,o,0.99090927800012,,0,0,0
i,i,0.011989234999874,,0,0,0
a,a,0.5198443339998,,0,0,0
o,o,1.675296329,,0,0,0
s,s,0.32661863899966,,0,0,0
s,s,1.417200931,,0,0,0
d**,dlR,1.955233612,,0.00012236200018378,1.5552668169998,0
i,i,0.76816362799991,,0,0,0
i,i,0.73092425499999,,0,0,0
i,i,0.26899678500013,,0,0,0
i,i,1.0299958140004,,0,0,0
i,i,0.62330665599984,,0,0,0
O,O,2.2899577510002,,0,0,0
A,A,0.81740368999999,,0,0,0
o,o,0.63609291900002,,0,0,0
d**,ddI,1.1290559009999,,0.0043737400001191,0.72488186700002,0
I,I,0.76301632600007,,0,0,0
o,o,1.2262121129997,,0,0,0
a,a,0.89779324500023,,0,0,0
i,i,0.79240526000012,,0,0,0
i,i,0.35976168200023,,0,0,0
O,O,1.1368314709998,,0,0,0
A,A,0.27097776299979,,0,0,0
o,o,1.2562715230001,,0,0,0
A,A,0.54668517800019,,0,0,0
A,A,2.3785662290002,,0,0,0
i,i,0.38581890600017,,0,0,0
i,i,0.66328185199973,,0,0,0
I,I,0.31517919499993,,0,0,0
o,o,0.62648555199985,,0,0,0
i,i,0.30773495299991,,0,0,0
i,i,0.38374322400023,,0,0,0
cw,cw,0.36471147399971,,0.0061236840001584,0,0
cw,cw,0.41209403699986,,0.0042262360002496,0,0
o,o,1.232959898,,0,0,0
A,A,0.16587668500006,,0,0,0
i,i,0.34371634399986,,0,0,0
i,i,0.94004526700019,,0,0,0
i,i,0.6056901689999,,0,0,0
i,i,1.432951538,,0,0,0
i,i,0.49448859499989,,0,0,0
i,i,0.30628588599984,,0,0,0
i,i,0.55031916000007,,0,0,0
i,i,0.27648628500037,,0,0,0
i,i,1.0194606760001,,0,0,0
i,i,0.00029053900016152,,0,0,0
O,O,1.1489117780002,,0,0,0
a,a,0.41838561900022,,0,0,0
d**,dlA,1.5305999920001,,3.5478999961924e-05,0.62394752,0
o,o,1.5370360060001,,0,0,0
o,o,0.91026242899989,,0,0,0
A,A,0.53340136599991,,0,0,0
i,i,0.29862653100008,,0,0,0
i,i,0.30246389100012,,0,0,0
d**,dlR,1.366535269,,3.0450999929599e-05,0.92129679299978,0
i,i,0.84735889700005,,0,0,0
d**,dlR,1.1829694620001,,3.4081999729096e-05,0.61105649399997,0
A,A,0.31279118200018,,0,0,0
i,i,0.56204383499971,,0,0,0
o,o,0.6800359380004,,0,0,0
A,A,0.22311469200031,,0,0,0
i,i,1.060169205,,0,0,0
A,A,0.17800699999998,,0,0,0
i,i,0.72600686999976,,0,0,0
o,o,1.2099611640001,,0,0,0
s,s,0.0098269479999544,,0,0,0
s,s,0.010406352000246,,0,0,0
A,A,0.27033354700006,,0,0,0
o,o,0.83647818400004,,0,0,0
A,A,0.41637167499994,,0,0,0
i,i,0.34427228100003,,0,0,0
o,o,1.8298224089999,,0,0,0
i,i,0.36011452000002,,0,0,0
o,o,2.5734074920001,,0,0,0
A,A,0.34322158900068,,0,0,0
i,i,0.31989767200048,,0,0,0
o,o,1.4764581890004,,0,0,0
A,A,0.27975429799972,,0,0,0
i,i,0.72381273600058,,0,0,0
I,I,0.72730535899973,,0,0,0
A,A,1.289980001,,0,0,0
o,o,1.4891880199993,,0,0,0
i,i,0.80997257699983,,0,0,0
i,i,0.26457024499996,,0,0,0
i,i,0.24927611999919,,0,0,0
o,o,0.63530287400044,,0,0,0
cw,cw,1.4191388870004,,0.0044634169998972,0,0
cw,cw,0.20420418600042,,0.0043918990004386,0,0
s,s,0.27662876100021,,0,0,0
A,A,0.37330837599984,,0,0,0
cw,cw,0.38069981900026,,0.0051961909994134,0,0
s,s,1.0434642869996,,0,0,0
cw,cw,0.23216332900029,,0.0044379939999999,0,0
i,i,0.76321551300043,,0,0,0
i,i,1.1951542520001,,0,0,0
i,i,0.80145333699966,,0,0,0
i,i,0.64497896600005,,0,0,0
o,o,1.3866406200004,,0,0,0
A,A,0.31635895399995,,0,0,0
cw,cw,1.1055914630006,,0.0046916579995013,0,0
O,O,1.7699896579998,,0,0,0
A,A,0.22330745399995,,0,0,0
O,O,0.57328660700023,,0,0,0
i,i,1.2869416250005,,0,0,0
o,o,4.543492713,,0,0,0
A,A,0.18237962300009,,0,0,0
i,i,1.2851609520003,,0,0,0
cw,cw,4.3187663640001,,0.00199438799973,0,0
cw,cw,1.1499881719992,,0.0028520390005724,0,0
cw,cw,0.64385479999964,,0.0023980699997992,0,0
cw,cw,0.82141844699981,,0.0021078099998704,0,0
o,o,7.1559845060001,,0,0,0
o,o,3.4372615040002,,0,0,0
A,A,0.15334715900008,,0,0,0
A,A,0.5498325059998,,0,0,0
A,A,0.47265564999998,,0,0,0
i,i,0.26830787000017,,0,0,0
i,i,0.89649699099937,,0,0,0
i,i,1.3820808219998,,0,0,0
A,A,0.45657986300012,,0,0,0
A,A,1.0328886409998,,0,0,0
A,A,0.18982554099966,,0,0,0
A,A,0.72676339000009,,0,0,0
i,i,0.37300414899983,,0,0,0
A,A,0.20666343799985,,0,0,0
i,i,0.79432505600016,,0,0,0
cw,cw,0.21741899599965,,0.013404498000455,0,0
o,o,4.026188367,,0,0,0
i,i,0.32235413000035,,0,0,0
i,i,0.33725490799952,,0,0,0
i,i,0.36784622899995,,0,0,0
i,i,0.47168010699988,,0,0,0
i,i,0.75719770799969,,0,0,0
I,I,1.5152276449999,,0,0,0
i,i,0.58575942199968,,0,0,0
i,i,2.426977135,,0,0,0
o,o,0.77712175099987,,0,0,0
i,i,0.30449543400027,,0,0,0
o,o,0.92142194900043,,0,0,0
I,I,0.34060058500017,,0,0,0
o,o,0.22328594299961,,0,0,0
cw,cw,3.7413457129996,,0.0042256770002496,0,0
O,O,0.81361298400043,,0,0,0
i,i,0.37751421899975,,0,0,0
i,i,0.3545596240001,,0,0,0
I,I,0.93655739400037,,0,0,0
i,i,1.602950814,,0,0,0
A,A,0.37700549500005,,0,0,0
i,i,0.11656594400029,,0,0,0
cw,cw,0.29533309599992,,0.0076336519996403,0,0
o,o,1.2914773979992,,0,0,0
i,i,0.49549263300014,,0,0,0
A,A,0.85340994600028,,0,0,0
o,o,3.0864272139997,,0,0,0
i,i,2.8499443419996,,0,0,0
o,o,0.23328106899953,,0,0,0
A,A,0.25376691499969,,0,0,0
o,o,2.2667126159995,,0,0,0
A,A,0.23655886000051,,0,0,0
o,o,0.14657925899974,,0,0,0
I,I,0.8201135319996,,0,0,0
o,o,0.96789042899945,,0,0,0
A,A,0.20678356499957,,0,0,0
i,i,0.30325644999903,,0,0,0
i,i,1.0733395960015,,0,0,0
o,o,0.78730461099985,,0,0,0
I,I,1.2322391359994,,0,0,0
o,o,0.89515240600122,,0,0,0
o,o,1.5861841570004,,0,0,0
A,A,3.2645331090002,,0,0,0
A,A,0.44648360599967,,0,0,0
A,A,0.25661308600002,,0,0,0
A,A,0.36328391799998,,0,0,0
A,A,0.29655727399995,,0,0,0
A,A,0.24335721099987,,0,0,0
A,A,0.4926182449999,,0,0,0
i,i,0.1954835230008,,0,0,0
o,o,0.13871708599982,,0,0,0
O,O,0.43392446599864,,0,0,0
o,o,0.75203978999889,,0,0,0
i,i,0.62761055499868,,0,0,0
i,i,0.69805862199973,,0,0,0
o,o,0.37566202800008,,0,0,0
o,o,1.1899214639998,,0,0,0
o,o,0.30866160699952,,0,0,0
o,o,0.40943503900053,,0,0,0
o,o,0.37653197100008,,0,0,0
i,i,0.45083667300059,,0,0,0
o,o,0.43408817500131,,0,0,0
o,o,2.8732210449998,,0,0,0
o,o,7.3551355349991,,0,0,0
o,o,1.0450689610007,,0,0,0
o,o,0.35307982599988,,0,0,0
o,o,1.8631199409992,,0,0,0
o,o,0.35462583300068,,0,0,0
i,i,0.34033574800014,,0,0,0
i,i,0.39200349200109,,0,0,0
o,o,0.48567462400024,,0,0,0
cw,cw,1.0908407049992,,0.0045111889994587,0,0
o,o,0.30997322599978,,0,0,0
cw,cw,0.20846422500108,,0.0042768010007421,0,0
o,o,0.62245068099946,,0,0,0
i,i,0.17142487700039,,0,0,0
o,o,0.50125984700026,,0,0,0
A,A,0.11439304199848,,0,0,0
o,o,22.164673421999,,0,0,0
A,A,0.15869001700048,,0,0,0
A,A,0.14994281500003,,0,0,0
A,A,0.15311249099977,,0,0,0
A,A,0.17836123399866,,0,0,0
o,o,0.50160402499932,,0,0,0
o,o,0.75415290700039,,0,0,0
o,o,0.26139833200068,,0,0,0
A,A,4.0015045020009,,0,0,0
o,o,0.21548858200003,,0,0,0
o,o,1.9055658420002,,0,0,0
o,o,0.52987410100104,,0,0,0
o,o,0.59313689600094,,0,0,0
ci*,ci",1.006183847001,,0.24169806099962,6.6209000578965e-05,0
o,o,0.50303968300068,,0,0,0
i,i,0.49584826399951,,0,0,0
o,o,1.2597214030011,,0,0,0
o,o,0.45140909300062,,0,0,0
cw,cw,0.38326718499957,,0.0043108840000059,0,0
A,A,0.19667808899976,,0,0,0
i,i,0.5499428539988,,0,0,0
A,A,0.17331645800004,,0,0,0
A,A,0.91008726700056,,0,0,0
i,i,0.87585972899979,,0,0,0
a,a,0.72652956100137,,0,0,0
A,A,1.0970803250002,,0,0,0
a,a,0.0013191620000725,,0,0,0
i,i,0.4397886200004,,0,0,0
i,i,0.51986109600148,,0,0,0
i,i,0.8295870840011,,0,0,0
i,i,0.30652893300066,,0,0,0
A,A,0.21777937600018,,0,0,0
i,i,0.46192467600122,,0,0,0
A,A,0.1934528189995,,0,0,0
o,o,0.22994572800053,,0,0,0
d**,ddO,1.1430593580008,,0.0044120140009909,0.68536845999915,0
A,A,0.36650918800115,,0,0,0
i,i,0.41232898300041,,0,0,0
i,i,0.30020829599925,,0,0,0
a,a,1.2652313219987,,0,0,0
i,i,0.3771834500003,,0,0,0
i,i,0.72528862200124,,0,0,0
A,A,0.42326696599957,,0,0,0
i,i,1.8466379559995,,0,0,0
i,i,0.34989143200073,,0,0,0
A,A,0.2464975540006,,0,0,0
A,A,0.45331743600036,,0,0,0
i,i,0.26687081599994,,0,0,0
i,i,0.44446295799935,,0,0,0
i,i,1.5599651789998,,0,0,0
i,i,0.33460876200115,,0,0,0
I,I,0.47631589200319,,0,0,0
d**,djO,1.8911061819999,,0.0042309849995945,1.5209778179997,0
o,o,1.021143291,,0,0,0
o,o,2.0325632809981,,0,0,0
i,i,0.75286531299935,,0,0,0
i,i,0.45135405800102,,0,0,0
i,i,0.32444489899717,,0,0,0
i,i,0.33519654600241,,0,0,0
i,i,0.61795653400259,,0,0,0
i,i,0.66309300099965,,0,0,0
i,i,0.48086172200055,,0,0,0
i,i,0.37211688499883,,0,0,0
o,o,0.34705391999887,,0,0,0
o,o,0.80476297600035,,0,0,0
o,o,3.1286951610018,,0,0,0
i,i,0.71660092499951,,0,0,0
i,i,0.35462192100022,,0,0,0
i,i,0.41707763099839,,0,0,0
o,o,0.73251440100285,,0,0,0
o,o,0.67671680100102,,0,0,0
o,o,2.0633901059991,,0,0,0
o,o,1.2473156349988,,0,0,0
o,o,1.150284020001,,0,0,0
d**,ddo,9.9748338309983,,0.0050539949988888,0.56474836900088,0
i,i,1.8645209569986,,0,0,0
o,o,1.0574705379986,,0,0,0
A,A,1.4551962660007,,0,0,0
i,i,0.57632526099769,,0,0,0
o,o,0.78957389399875,,0,0,0
A,A,3.8331626990002,,0,0,0
i,i,0.31459001400071,,0,0,0
A,A,46.533206213997,,0,0,0
d**,dlA,1.4377015829996,,2.8495000151452e-05,1.2666949159975,0
A,A,0.6103253959991,,0,0,0
i,i,0.65510483499747,,0,0,0
i,i,0.51229449099992,,0,0,0
O,O,0.38993144099732,,0,0,0
A,A,0.86792911099838,,0,0,0
i,i,0.19326284999988,,0,0,0
d**,dli,1.4947602380016,,0.00019443799828878,0.39945164600067,0
i,i,0.34432731700144,,0,0,0
i,i,0.60177710100106,,0,0,0
cw,cw,0.34453656100231,,0.0077155059989309,0,0
i,i,0.47628767599963,,0,0,0
i,i,0.88323468900126,,0,0,0
o,o,0.29207625699928,,0,0,0
i,i,2.0291715079984,,0,0,0
d**,ddi,2.6079671950029,,0.0062150359990483,1.5040401890001,0
i,i,3.4810807639988,,0,0,0
i,i,0.22390389800057,,0,0,0
a,a,0.34555987500062,,0,0,0
A,A,0.55656632300088,,0,0,0
A,A,0.14353641300113,,0,0,0
o,o,5.2191409420011,,0,0,0
A,A,0.98582539199924,,0,0,0
o,o,0.86585091400048,,0,0,0
i,i,0.39677169599963,,0,0,0
i,i,0.69291774399971,,0,0,0
d**,dlA,1.0000350200025,,3.5758999729296e-05,0.46830816900183,0
a,a,0.99996294399898,,0,0,0
o,o,0.86845766999977,,0,0,0
I,I,0.35291528000016,,0,0,0
A,A,15.169885677002,,0,0,0
i,i,0.68295111300176,,0,0,0
i,i,0.58154436000041,,0,0,0
A,A,1.1799514809973,,0,0,0
o,o,0.91396988400084,,0,0,0
i,i,0.32231865100039,,0,0,0
i,i,2.4602534340011,,0,0,0
i,i,1.1110589179989,,0,0,0
i,i,0.26177715099766,,0,0,0
i,i,0.44934262800234,,0,0,0
i,i,0.37329692200001,,0,0,0
A,A,0.80349130600007,,0,0,0
A,A,0.23448289800217,,0,0,0
A,A,0.53900543000054,,0,0,0
i,i,0.37977875299839,,0,0,0
o,o,0.25255335199836,,0,0,0
o,o,1.6598507889976,,0,0,0
i,i,0.38672712300104,,0,0,0
o,o,1.2314781460009,,0,0,0
A,A,0.36774928899831,,0,0,0
I,I,1.5953185590006,,0,0,0
I,I,0.86376461500186,,0,0,0
A,A,0.75314076699942,,0,0,0
o,o,1.0534555019985,,0,0,0
A,A,0.14492066800085,,0,0,0
o,o,0.93039208399932,,0,0,0
i,i,0.4376531529997,,0,0,0
o,o,1.4716623280001,,0,0,0
i,i,3.9532237790008,,0,0,0
d**,dwi,7.1648230600003,,0.003947707999032,2.0973215169979,0
o,o,6.0364331669989,,0,0,0
i,i,4.3997023570009,,0,0,0
i,i,0.43191527300223,,0,0,0
I,I,0.50122911700237,,0,0,0
cw,cw,0.55665767600294,,0.0043812830008392,0,0
o,o,0.27587810700061,,0,0,0
A,A,0.81386497199856,,0,0,0
i,i,1.150048235002,,0,0,0
i,i,0.34384680800213,,0,0,0
i,i,0.73654871300096,,0,0,0
i,i,1.6332842819975,,0,0,0
A,A,1.4199515599976,,0,0,0
A,A,0.21342491199903,,0,0,0
i,i,0.2579716399996,,0,0,0
i,i,0.11628741700042,,0,0,0
A,A,0.48221999500311,,0,0,0
A,A,0.31115605800005,,0,0,0
A,A,0.85445952000009,,0,0,0
i,i,0.56470674400043,,0,0,0
i,i,1.9800367659991,,0,0,0
i,i,0.33914229899892,,0,0,0
i,i,0.86849873699975,,0,0,0
A,A,2.4124582490003,,0,0,0
i,i,1.311687510999,,0,0,0
i,i,0.38533616299901,,0,0,0
d**,ddO,1.9322765020006,,0.0043902229990636,0.69536274799975,0
i,i,3.5779416879996,,0,0,0
o,o,0.44257752300109,,0,0,0
o,o,0.89993122699889,,0,0,0
O,O,0.87663357000201,,0,0,0
A,A,1.2632858239995,,0,0,0
o,o,0.67047913600254,,0,0,0
A,A,2.3111084869997,,0,0,0
o,o,2.560136529999,,0,0,0
i,i,0.54579791400101,,0,0,0
I,I,1.4743336169995,,0,0,0
i,i,0.33407629200155,,0,0,0
i,i,0.30431105299795,,0,0,0
o,o,4.7568536510007,,0,0,0
i,i,0.77422194099927,,0,0,0
i,i,0.89778793699952,,0,0,0
i,i,0.77288014999795,,0,0,0
i,i,0.30797129499842,,0,0,0
i,i,0.43286846699993,,0,0,0
i,i,0.29016847200182,,0,0,0
i,i,0.34251284000129,,0,0,0
i,i,21.271696712,,0,0,0
A,A,0.92321128299955,,0,0,0
i,i,11.129655298999,,0,0,0
A,A,0.26838497499921,,0,0,0
i,i,0.59504747499886,,0,0,0
o,o,0.17334467399996,,0,0,0
A,A,0.50568331400063,,0,0,0
i,i,0.74663463300021,,0,0,0
i,i,0.47307693300172,,0,0,0
A,A,1.2094731120014,,0,0,0
d**,dlA,2.3105402580004,,5.1123002776876e-05,1.7638676509996,0
o,o,0.50348610800211,,0,0,0
i,i,1.4086833670008,,0,0,0
i,i,1.2037058979986,,0,0,0
i,i,0.39828390000184,,0,0,0
A,A,3.5299674300004,,0,0,0
i,i,17.512473306997,,0,0,0
i,i,0.84654287100057,,0,0,0
A,A,1.3635094640013,,0,0,0
o,o,1.2132816980011,,0,0,0
A,A,0.59703487899969,,0,0,0
A,A,0.64638556899808,,0,0,0
A,A,0.38294731200222,,0,0,0
i,i,0.50943546800045,,0,0,0
A,A,1.2666094300002,,0,0,0
i,i,0.3609227229972,,0,0,0
i,i,0.59845796400259,,0,0,0
i,i,0.52152946500064,,0,0,0
A,A,0.6462349909998,,0,0,0
a,a,0.96671597800014,,0,0,0
a,a,1.0539879719981,,0,0,0
A,A,0.55450963700059,,0,0,0
i,i,0.34741122800187,,0,0,0
i,i,0.31992616799835,,0,0,0
i,i,0.33500853300211,,0,0,0
cw,cw,0.75191044400344,,0.0054140970023582,0,0
cw,cw,1.0262232679997,,0.0090193040014128,0,0
o,o,0.81662034999681,,0,0,0
o,o,0.43812583999897,,0,0,0
A,A,0.48834228199848,,0,0,0
A,A,1.8400044299997,,0,0,0
A,A,0.21318689200052,,0,0,0
A,A,9.8422136109984,,0,0,0
O,O,1.1899354319976,,0,0,0
i,i,1.5811893870014,,0,0,0
A,A,0.29669723600091,,0,0,0
o,o,2.5847617289983,,0,0,0
o,o,1.1003522499996,,0,0,0
A,A,0.59432000800007,,0,0,0
A,A,0.80522504600231,,0,0,0
i,i,1.4676626569999,,0,0,0
i,i,0.6903489819997,,0,0,0
i,i,3.9809292589998,,0,0,0
i,i,1.3113807669979,,0,0,0
o,o,3.8491387529975,,0,0,0
o,o,4.7408499390003,,0,0,0
i,i,2.1464830769983,,0,0,0
i,i,0.70602080800018,,0,0,0
i,i,0.3747010119987,,0,0,0
A,A,1.9559088370006,,0,0,0
i,i,0.36010753600203,,0,0,0
i,i,4.701869561999,,0,0,0
i,i,0.35745496399977,,0,0,0
A,A,0.65928413700021,,0,0,0
i,i,0.25221476200022,,0,0,0
d**,dlA,1.7276613700014,,3.1846997444518e-05,1.1692020690025,0
I,I,0.54266120300235,,0,0,0
o,o,0.72238881199883,,0,0,0
o,o,0.89651598699857,,0,0,0
O,O,1.2042559690017,,0,0,0
o,o,1.0963056459987,,0,0,0
i,i,0.88653147699733,,0,0,0
o,o,0.23457871999926,,0,0,0
o,o,0.50331709199963,,0,0,0
A,A,10.163325124999,,0,0,0
A,A,0.86701083799926,,0,0,0
i,i,0.39501113699953,,0,0,0
cw,cw,1.4732815280004,,0.0049886229971889,0,0
A,A,0.34545064399936,,0,0,0
i,i,0.20697660599762,,0,0,0
i,i,0.50661443900026,,0,0,0
i,i,0.46275439100282,,0,0,0
i,i,0.53325218499958,,0,0,0
i,i,0.84921025000222,,0,0,0
i,i,0.32456614400144,,0,0,0
O,O,0.44095496999944,,0,0,0
A,A,0.70160655899963,,0,0,0
cw,cw,0.23725140600072,,0.0044231890024093,0,0
cw,cw,0.442168253001,,0.0049450420010544,0,0
ci*,ci(,6.5032757869994,,0.2600070940025,1.1834295759982,0
i,i,0.81946931600032,,0,0,0
i,i,1.1432962590006,,0,0,0
A,A,0.2938781619996,,0,0,0
i,i,0.39395485699788,,0,0,0
cw,cw,0.45163482000135,,0.0041871249995893,0,0
I,I,1.473802544002,,0,0,0
d**,dlA,1.9328807689999,,3.1289000617107e-05,1.0467018499985,0
i,i,0.30714130100023,,0,0,0
i,i,0.94483274799859,,0,0,0
o,o,0.42457020400252,,0,0,0
A,A,8.6856787959987,,0,0,0
A,A,0.98662940499707,,0,0,0
I,I,0.84688593199826,,0,0,0
o,o,0.84895965900068,,0,0,0
i,i,0.27664524300053,,0,0,0
i,i,0.29225840299841,,0,0,0
i,i,0.4648214129993,,0,0,0
A,A,0.41534417000003,,0,0,0
o,o,0.84931948099984,,0,0,0
A,A,2.3332948280004,,0,0,0
A,A,0.37153021799895,,0,0,0
o,o,2.6823199479986,,0,0,0
i,i,0.66222585200012,,0,0,0
o,o,1.0744224150003,,0,0,0
o,o,0.8593922709988,,0,0,0
i,i,0.4049232920006,,0,0,0
A,A,1.2551202600007,,0,0,0
o,o,0.81720757600124,,0,0,0
A,A,0.86313241199969,,0,0,0
A,A,0.40456123400145,,0,0,0
i,i,0.33038420199955,,0,0,0
A,A,0.24641206800152,,0,0,0
i,i,14.138995055,,0,0,0
i,i,0.86123580200001,,0,0,0
cw,cw,0.74780992199885,,0.0038585919974139,0,0
cw,cw,0.37287675700281,,0.0050243830010004,0,0
d**,dwi,2.4196602820011,,0.0039898929971969,2.0552373930004,0
i,i,0.34669270099766,,0,0,0
o,o,11.658657782002,,0,0,0
I,I,0.62989324799855,,0,0,0
A,A,7.9286263570029,,0,0,0
i,i,1.1293274439995,,0,0,0
i,i,0.62049372800175,,0,0,0
A,A,1.117423974003,,0,0,0
I,I,0.55997262299934,,0,0,0
ci*,ci",0.99617363500147,,0.25869296000019,0.084098965999146,0
i,i,1.3427084950017,,0,0,0
O,O,6.310774485999,,0,0,0
i,i,0.34992327899818,,0,0,0
A,A,5.3970775419984,,0,0,0
A,A,0.46010293600193,,0,0,0
o,o,0.31371671799934,,0,0,0
i,i,0.27637397999933,,0,0,0
A,A,0.16930142199999,,0,0,0
i,i,0.68999642300332,,0,0,0
o,o,0.85116831999767,,0,0,0
A,A,5.8978214010021,,0,0,0
O,O,0.99111321500095,,0,0,0
o,o,0.57954131199949,,0,0,0
o,o,3.5366911890014,,0,0,0
i,i,0.79781013699539,,0,0,0
o,o,0.64319968900236,,0,0,0
A,A,2.1977619460013,,0,0,0
A,A,5.8365664029989,,0,0,0
A,A,0.61917903600261,,0,0,0
I,I,2.7945473509972,,0,0,0
A,A,0.23846468899865,,0,0,0
i,i,2.8566759249952,,0,0,0
o,o,0.42634473100043,,0,0,0
i,i,5.5002049050017,,0,0,0
i,i,0.66660098899592,,0,0,0
i,i,0.81152473099792,,0,0,0
a,a,1.8332410000003,,0,0,0
a,a,0.2413779089984,,0,0,0
A,A,1.1063996669982,,0,0,0
A,A,0.85997921699891,,0,0,0
A,A,0.34989478500211,,0,0,0
A,A,0.71453920899512,,0,0,0
A,A,0.8382985260032,,0,0,0
A,A,0.95846492800047,,0,0,0
o,o,3.2338923400021,,0,0,0
o,o,0.46602631499991,,0,0,0
i,i,1.1932852989994,,0,0,0
i,i,0.35898448799708,,0,0,0
o,o,0.51325383099902,,0,0,0
i,i,1.4969457109983,,0,0,0
i,i,1.4998698260024,,0,0,0
i,i,0.9600254629986,,0,0,0
o,o,0.18315486100619,,0,0,0
o,o,0.82252529099787,,0,0,0
o,o,0.76879499299685,,0,0,0
A,A,0.39259351099463,,0,0,0
i,i,0.13348681099887,,0,0,0
i,i,1.5133047749987,,0,0,0
A,A,0.38817199999903,,0,0,0
ci*,ci(,2.8952562499981,,0.25918743699731,2.454661941003,0
i,i,1.2300335489999,,0,0,0
o,o,0.15061217400216,,0,0,0
o,o,0.1480626870034,,0,0,0
o,o,0.16048074699938,,0,0,0
o,o,1.5750517349952,,0,0,0
ci*,ci(,1.7958918360018,,0.26176960799785,1.3263904979976,0
i,i,0.5133820589981,,0,0,0
d**,dlA,0.85351163500309,,3.1289004255086e-05,0.59137047099648,0
i,i,0.31352032499854,,0,0,0
A,A,0.26518009800202,,0,0,0
i,i,0.3219934699955,,0,0,0
A,A,0.9620673419995,,0,0,0
A,A,0.32688291900558,,0,0,0
I,I,3.2602965359984,,0,0,0
a,a,0.80613074800203,,0,0,0
A,A,0.34415047800576,,0,0,0
A,A,0.7433920409967,,0,0,0
a,a,0.81652285200107,,0,0,0
I,I,1.3367191860016,,0,0,0
o,o,1.5134061839999,,0,0,0
i,i,0.58058054999856,,0,0,0
i,i,0.75253119300032,,0,0,0
i,i,0.3883530269959,,0,0,0
i,i,0.51623381899844,,0,0,0
A,A,2.557031944998,,0,0,0
i,i,1.1113257120014,,0,0,0
A,A,0.2831368509942,,0,0,0
i,i,0.43530816199927,,0,0,0
i,i,0.34339451600681,,0,0,0
o,o,0.13907858399762,,0,0,0
o,o,1.9572369399975,,0,0,0
i,i,1.6330579959977,,0,0,0
i,i,0.50673260999611,,0,0,0
i,i,0.54289139899629,,0,0,0
i,i,0.47443101599492,,0,0,0
i,i,0.28351595000277,,0,0,0
i,i,0.30981287000031,,0,0,0
i,i,0.68040302499867,,0,0,0
i,i,0.52523943399865,,0,0,0
i,i,0.5079562289975,,0,0,0
i,i,0.58148038599757,,0,0,0
i,i,0.5109116340027,,0,0,0
i,i,0.83892486299737,,0,0,0
i,i,0.53560248299618,,0,0,0
i,i,0.56510036899999,,0,0,0
o,o,2.0741844959994,,0,0,0
o,o,1.9933303569996,,0,0,0
O,O,4.493347788004,,0,0,0
A,A,0.31165444499493,,0,0,0
A,A,0.28072928299662,,0,0,0
I,I,0.56657932799862,,0,0,0
o,o,1.3445025779947,,0,0,0
A,A,3.3959506629981,,0,0,0
i,i,0.90146968999761,,0,0,0
O,O,1.2524506460031,,0,0,0
O,O,15.733243644994,,0,0,0
O,O,8.919895179999,,0,0,0
A,A,2.9609606969971,,0,0,0
A,A,0.86781401199551,,0,0,0
A,A,3.2061368540017,,0,0,0
A,A,1.0628636819965,,0,0,0
A,A,1.1303851199991,,0,0,0
o,o,0.98294597499626,,0,0,0
i,i,0.28352181700029,,0,0,0
i,i,15.169416622004,,0,0,0
i,i,0.9562573850053,,0,0,0
A,A,0.98466854100116,,0,0,0
A,A,0.24875677999808,,0,0,0
o,o,1.6335035829979,,0,0,0
A,A,8.5876758279992,,0,0,0
o,o,1.3060549500005,,0,0,0
o,o,0.72438319900539,,0,0,0
i,i,0.33047695099958,,0,0,0
i,i,0.23259187499934,,0,0,0
i,i,0.45809681500396,,0,0,0
i,i,0.38697072899959,,0,0,0
i,i,9.2653575549994,,0,0,0
i,i,0.93095332800294,,0,0,0
cw,cw,0.5024270349968,,0.0043220580046182,0,0
o,o,7.4563165610016,,0,0,0
cw,cw,0.86946031199477,,0.0045544899985543,0,0
cw,cw,0.61366967500362,,0.007830604998162,0,0
i,i,9.7433110870043,,0,0,0
cw,cw,0.66327207399445,,0.0045109089987818,0,0
A,A,1.146635789999,,0,0,0
i,i,0.46908676000021,,0,0,0
a,a,0.45278831799806,,0,0,0
i,i,1.705516095004,,0,0,0
i,i,0.52600237899605,,0,0,0
i,i,1.6125651659968,,0,0,0
o,o,0.83221116100322,,0,0,0
i,i,0.73656910600403,,0,0,0
A,A,1.3829334440015,,0,0,0
I,I,0.36238045000209,,0,0,0
i,i,0.34612922100496,,0,0,0
o,o,1.6399097050016,,0,0,0
i,i,0.36357641300128,,0,0,0
ci*,ci',3.59596074,,0.26527815499867,2.0201558360059,0
ci*,ci(,2.8491369760013,,0.2578959320017,0.49080013699859,0
a,a,0.36417285700009,,0,0,0
I,I,0.29664890500135,,0,0,0
o,o,1.3744007950008,,0,0,0
A,A,4.4937729820012,,0,0,0
i,i,15.722831986,,0,0,0
a,a,0.99970648699997,,0,0,0
i,i,2.69646197,,0,0,0
a,a,0.81496427399998,,0,0,0
i,i,4.570971348,,0,0,0
i,i,0.73379501100004,,0,0,0
i,i,1.33945892,,0,0,0
i,i,0.14200521399994,,0,0,0
A,A,0.31366140400007,,0,0,0
o,o,7.149473343,,0,0,0
i,i,0.87247605900006,,0,0,0
cw,cw,1.236058338,,0.0049000649999016,0,0
i,i,0.38588036700003,,0,0,0
i,i,0.18687432800004,,0,0,0
i,i,0.45660472600002,,0,0,0
o,o,1.2621898729999,,0,0,0
i,i,7.77575859,,0,0,0
i,i,0.061003289999917,,0,0,0
i,i,2.306508739,,0,0,0
o,o,0.53155615900005,,0,0,0
i,i,9.0282536540001,,0,0,0
i,i,1.1603218890001,,0,0,0
cw,cw,1.6341120410001,,0.0042360129999679,0,0
i,i,0.26329717699991,,0,0,0
A,A,1.1795751759998,,0,0,0
o,o,0.23648901899992,,0,0,0
I,I,0.80333765499995,,0,0,0
i,i,1.5133620450001,,0,0,0
d**,dlR,1.9664395060001,,3.1569000157106e-05,1.0497488849999,0
i,i,0.31686209100008,,0,0,0
o,o,0.25789006500008,,0,0,0
i,i,0.31677213499984,,0,0,0
cw,cw,0.86554836200003,,0.00433993799993,0,0
i,i,0.60925822100012,,0,0,0
i,i,0.2453569060001,,0,0,0
a,a,2.371130925,,0,0,0
i,i,0.47046011900011,,0,0,0
o,o,1.131640029,,0,0,0
o,o,0.43290143099989,,0,0,0
i,i,1.5263019589997,,0,0,0
A,A,0.25938550599994,,0,0,0
i,i,0.35365922900019,,0,0,0
i,i,0.63556575699999,,0,0,0
A,A,0.82658223200002,,0,0,0
A,A,0.54115095399999,,0,0,0
i,i,2.289968088,,0,0,0
i,i,0.59119083900003,,0,0,0
i,i,0.66503905899998,,0,0,0
i,i,0.86656720600001,,0,0,0
i,i,0.34089336,,0,0,0
i,i,0.17809751300001,,0,0,0
A,A,0.83395048700004,,0,0,0
A,A,0.33954206999999,,0,0,0
I,I,1.473388804,,0,0,0
i,i,6.017989479,,0,0,0
o,o,0.64796426100008,,0,0,0
i,i,0.66503766200003,,0,0,0
d**,ddO,3.520350564,,0.007260978999966,1.471726861,0
A,A,2.207072069,,0,0,0
i,i,0.30715052100004,,0,0,0
A,A,0.60084709499995,,0,0,0
A,A,0.27629184600005,,0,0,0
I,I,0.86349782100001,,0,0,0
o,o,0.34687903700001,,0,0,0
i,i,0.30000268399999,,0,0,0
A,A,0.31240174699997,,0,0,0
A,A,0.73826345600003,,0,0,0
i,i,0.75605119399995,,0,0,0
A,A,0.1782447380001,,0,0,0
o,o,2.199899928,,0,0,0
A,A,0.67583093399992,,0,0,0
A,A,0.49432851800009,,0,0,0
o,o,1.266612783,,0,0,0
i,i,0.51672717700012,,0,0,0
cw,cw,1.151183855,,0.0040885089999847,0,0
i,i,0.52903712299985,,0,0,0
i,i,0.2823532320001,,0,0,0
cw,cw,0.63690028400015,,0.0043382609999298,0,0
i,i,0.62997230800011,,0,0,0
A,A,0.72995150499992,,0,0,0
A,A,0.77731898299999,,0,0,0
a,a,0.92664272500019,,0,0,0
o,o,1.779649826,,0,0,0
o,o,1.3932811279999,,0,0,0
I,I,1.4812333770001,,0,0,0
o,o,0.31251712499989,,0,0,0
o,o,0.23982463900006,,0,0,0
I,I,0.58015423999996,,0,0,0
o,o,0.37868503899995,,0,0,0
d**,ddI,1.8398362529999,,0.005022426999858,1.2124402490001,0
I,I,0.36017514200012,,0,0,0
d**,dli,0.83026370599987,,8.7161999999807e-05,0.31898722200003,0
i,i,0.1744626929999,,0,0,0
o,o,2.046931867,,0,0,0
cw,cw,1.143301847,,0.0048844210000425,0,0
d**,dwi,1.899395783,,0.0043946930002221,1.2739645559998,0
i,i,0.32010691699998,,0,0,0
i,i,0.3989554929999,,0,0,0
A,A,1.9732708229999,,0,0,0
i,i,0.20657739300009,,0,0,0
i,i,0.80994799300015,,0,0,0
O,O,2.0288231390002,,0,0,0
A,A,0.50526622200005,,0,0,0
cw,cw,1.3935744619998,,0.0041672900001686,0,0
cw,cw,0.93070664900006,,0.0045100710001407,0,0
A,A,0.75365843099985,,0,0,0
A,A,0.33987758800004,,0,0,0
cw,cw,8.2000192570001,,0.0043715050001083,0,0
ci*,ci",1.406316586,,0.23658791399998,5.6432000064888e-05,0
cw,cw,2.4374924379999,,0.0043687120000868,0,0
A,A,0.42066942899987,,0,0,0
i,i,1.6775332060001,,0,0,0
o,o,0.50697761300012,,0,0,0
cw,cw,4.2306347629999,,0.0044622999998865,0,0
cw,cw,3.3767010070001,,0.0046760139998696,0,0
cw,cw,0.47169323699995,,0.0042421599998761,0,0
cw,cw,3.9368175029999,,0.004394413,0,0
i,i,0.32547882900008,,0,0,0
i,i,0.67702661700014,,0,0,0
i,i,0.55660738999995,,0,0,0
i,i,0.26988684200001,,0,0,0
i,i,0.31724705600004,,0,0,0
A,A,0.72475587200006,,0,0,0
A,A,1.9018374349998,,0,0,0
o,o,1.3488274299998,,0,0,0
A,A,0.29001230699987,,0,0,0
A,A,0.45025252100004,,0,0,0
i,i,0.44270407500017,,0,0,0
o,o,2.311906074,,0,0,0
i,i,0.11884025600011,,0,0,0
A,A,0.77669739500016,,0,0,0
o,o,1.6998731989997,,0,0,0
i,i,0.65662122799995,,0,0,0
i,i,0.26986980099991,,0,0,0
a,a,0.27947549200007,,0,0,0
i,i,0.7799517200001,,0,0,0
i,i,0.33289736999996,,0,0,0
i,i,0.4455927099998,,0,0,0
i,i,0.43953104599996,,0,0,0
i,i,0.30039658800024,,0,0,0
a,a,0.47854271200003,,0,0,0
i,i,0.29301632099987,,0,0,0
I,I,15.533253403,,0,0,0
o,o,3.3500375600001,,0,0,0
A,A,0.91417158500008,,0,0,0
i,i,0.52567049399977,,0,0,0
a,a,13.69501931,,0,0,0
ci*,ci",1.9075216769997,,0.26031635199979,0.11534875000052,0
i,i,0.44329744700008,,0,0,0
cw,cw,0.36099926899988,,0.0042561279997244,0,0
i,i,2.3964179409995,,0,0,0
o,o,0.90447984999992,,0,0,0
i,i,0.46242781299952,,0,0,0
i,i,2.4825741499999,,0,0,0
i,i,0.57090837099986,,0,0,0
i,i,0.75901497799987,,0,0,0
i,i,0.45202704900021,,0,0,0
i,i,0.41866218999985,,0,0,0
cw,cw,0.64854757600006,,0.0044801789999838,0,0
cw,cw,5.095374642,,0.0043843559997185,0,0
i,i,0.57899291899957,,0,0,0
s,s,0.40458553899953,,0,0,0
o,o,0.2632427009994,,0,0,0
I,I,0.50106848199994,,0,0,0
i,i,0.41721060899999,,0,0,0
i,i,0.35541922900029,,0,0,0
i,i,0.49075935000019,,0,0,0
a,a,1.3349052680005,,0,0,0
i,i,0.32202922799934,,0,0,0
o,o,0.17656016700039,,0,0,0
I,I,0.34538890400017,,0,0,0
i,i,4.9917142499999,,0,0,0
i,i,0.45367837600043,,0,0,0
i,i,0.48866858099973,,0,0,0
i,i,0.92448323199915,,0,0,0
i,i,0.45272043299974,,0,0,0
i,i,0.44867047600019,,0,0,0
i,i,0.44252165000034,,0,0,0
i,i,0.54417312599981,,0,0,0
i,i,0.44476662800025,,0,0,0
i,i,0.45724056000017,,0,0,0
a,a,0.47127949700007,,0,0,0
d**,ddo,2.9666105779997,,0.0042388069996377,1.3590781749999,0
d**,ddi,2.9999969480004,,0.0047357980001834,1.4219990270003,0
A,A,0.39100699699975,,0,0,0
i,i,0.51413885900001,,0,0,0
A,A,1.304253325,,0,0,0
i,i,0.33407433600041,,0,0,0
i,i,0.31325604600079,,0,0,0
o,o,0.82286779300011,,0,0,0
A,A,2.7696195999997,,0,0,0
i,i,0.34881391999988,,0,0,0
i,i,0.41421246200025,,0,0,0
i,i,0.33960911799932,,0,0,0
a,a,0.49318842899993,,0,0,0
d**,dlA,0.85947524299991,,3.3523000638525e-05,0.53651097900001,0
ci*,ci(,1.7665744199994,,0.26586063200011,1.1131197949999,0
ci*,ci',6.2149547560002,,0.26124021099986,3.5805749840001,0
o,o,0.20331273200009,,0,0,0
i,i,0.16072826500022,,0,0,0
A,A,0.39336260300024,,0,0,0
a,a,0.51949205399978,,0,0,0
i,i,0.2124320490002,,0,0,0
A,A,0.65426897399993,,0,0,0
a,a,1.5500222949995,,0,0,0
a,a,0.37670881000031,,0,0,0
a,a,0.31117030500081,,0,0,0
a,a,0.24290631599979,,0,0,0
a,a,0.13996612699975,,0,0,0
a,a,0.16991071800021,,0,0,0
a,a,0.15322228200057,,0,0,0
a,a,0.18758279799931,,0,0,0
a,a,0.1202233920003,,0,0,0
a,a,16.556366499,,0,0,0
o,o,3.276625988,,0,0,0
i,i,0.82609725400016,,0,0,0
A,A,0.86064997300036,,0,0,0
o,o,56.100144309,,0,0,0
i,i,1.449841396,,0,0,0
i,i,0.47387200600042,,0,0,0
o,o,1.9232652999999,,0,0,0
I,I,0.63393230899965,,0,0,0
A,A,1.865262671,,0,0,0
I,I,6.4999683830001,,0,0,0
A,A,1.2484962319995,,0,0,0
A,A,0.39503432499987,,0,0,0
i,i,0.36986855299983,,0,0,0
i,i,0.43523748299958,,0,0,0
ci*,ci",6.0398925449999,,0.26038256100037,0.25293245099965,0
A,A,0.63211950799996,,0,0,0
i,i,0.41639039300026,,0,0,0
o,o,3.3117578309993,,0,0,0
i,i,0.29400164199978,,0,0,0
i,i,0.81994954499987,,0,0,0
i,i,0.39424204500028,,0,0,0
cw,cw,1.3986907560002,,0.0044189979998919,0,0
i,i,0.44614976499997,,0,0,0
i,i,0.29275762799989,,0,0,0
cw,cw,1.3717264309998,,0.0039312270000664,0,0
cw,cw,1.1226291060002,,0.0052797219996137,0,0
cw,cw,2.2813714630001,,0.0043717849994209,0,0
cw,cw,0.54875220099984,,0.004622376000043,0,0
i,i,0.41082571900006,,0,0,0
a,a,0.4762203500004,,0,0,0
i,i,0.73932280900044,,0,0,0
a,a,0.36001478600065,,0,0,0
i,i,5.1414399979994,,0,0,0
i,i,0.61521763799919,,0,0,0
d**,dï¿½kuo,2.3130534259999,,0.75027029100056,1.1012518049993,0
i,i,0.59682982499999,,0,0,0
i,i,0.29606363499988,,0,0,0
i,i,1.2312742089998,,0,0,0
I,I,0.67951995099975,,0,0,0
o,o,0.29307973600044,,0,0,0
i,i,0.21205015599935,,0,0,0
o,o,0.36277407600028,,0,0,0
cw,cw,0.36301349199948,,0.0057443059995421,0,0
i,i,0.54266846599967,,0,0,0
i,i,0.87319067399949,,0,0,0
o,o,2.0914481440004,,0,0,0
A,A,0.62690264399953,,0,0,0
I,I,0.48350423600004,,0,0,0
i,i,0.19327262800016,,0,0,0
a,a,0.49464531899957,,0,0,0
i,i,0.66057200999967,,0,0,0
i,i,0.35150169199915,,0,0,0
i,i,0.41810988599991,,0,0,0
A,A,0.6646437570007,,0,0,0
A,A,0.43874295600017,,0,0,0
i,i,0.3729577740005,,0,0,0
cw,cw,0.53607460999956,,0.0041197980008292,0,0
i,i,1.3899608740012,,0,0,0
i,i,0.86137520499869,,0,0,0
A,A,3.7309474630001,,0,0,0
i,i,0.374254028,,0,0,0
A,A,0.34170128400001,,0,0,0
i,i,0.47779093999998,,0,0,0
i,i,0.42993736800054,,0,0,0
I,I,1.8703281199996,,0,0,0
A,A,1.9817029000005,,0,0,0
i,i,0.38557362400024,,0,0,0
i,i,0.29180164100035,,0,0,0
A,A,0.76333340500059,,0,0,0
A,A,0.34661867000068,,0,0,0
i,i,0.46929572599947,,0,0,0
i,i,0.51164049699946,,0,0,0
s,s,2.0666550469996,,0,0,0
i,i,0.39846157700049,,0,0,0
A,A,0.60565161699924,,0,0,0
I,I,0.7692081740006,,0,0,0
i,i,0.28105697800129,,0,0,0
i,i,0.34276175400009,,0,0,0
i,i,0.31427600700044,,0,0,0
i,i,0.28461776599943,,0,0,0
i,i,0.39825763999943,,0,0,0
i,i,0.75324217699927,,0,0,0
i,i,1.923527343999,,0,0,0
i,i,0.30895214600059,,0,0,0
i,i,0.56994092899913,,0,0,0
i,i,0.73685573500006,,0,0,0
i,i,0.47532749899983,,0,0,0
A,A,0.82683952700063,,0,0,0
A,A,0.22267776499939,,0,0,0
i,i,0.37074548100099,,0,0,0
a,a,0.19326313000056,,0,0,0
a,a,0.14996544300084,,0,0,0
a,a,0.13334740800019,,0,0,0
a,a,0.099564059999466,,0,0,0
a,a,0.16041788999974,,0,0,0
a,a,0.0010727629996836,,0,0,0
a,a,0.058595161999619,,0,0,0
a,a,0.06040460999975,,0,0,0
a,a,0.089014674000282,,0,0,0
a,a,0.0038381979993574,,0,0,0
a,a,0.14346936600123,,0,0,0
a,a,0.13331611899957,,0,0,0
a,a,0.14332660999935,,0,0,0
a,a,0.0010780699994939,,0,0,0
a,a,0.059962934001305,,0,0,0
a,a,0.059972992001349,,0,0,0
a,a,0.0013741969996772,,0,0,0
a,a,0.11867179799992,,0,0,0
a,a,0.064174922001257,,0,0,0
a,a,0.17698731699966,,0,0,0
a,a,0.16646139599834,,0,0,0
a,a,0.17481190000035,,0,0,0
a,a,0.1989931879998,,0,0,0
a,a,0.17667079600142,,0,0,0
a,a,0.0014426419984375,,0,0,0
a,a,0.17018142300003,,0,0,0
a,a,0.12994166700082,,0,0,0
a,a,0.145741721999,,0,0,0
a,a,0.0010783489997266,,0,0,0
a,a,0.059650604000126,,0,0,0
a,a,0.059533550000197,,0,0,0
a,a,0.064805729,,0,0,0
a,a,0.062971417999506,,0,0,0
a,a,0.014959165000619,,0,0,0
a,a,0.11863855400043,,0,0,0
a,a,0.05885692800075,,0,0,0
a,a,0.06628887899933,,0,0,0
a,a,0.066299495001658,,0,0,0
a,a,0.10585396700117,,0,0,0
a,a,0.19789165099974,,0,0,0
a,a,0.13327142100025,,0,0,0
a,a,0.16248742800053,,0,0,0
a,a,0.12999251200017,,0,0,0
a,a,0.0043796070003737,,0,0,0
a,a,0.17020069899991,,0,0,0
a,a,1.0006708550009,,0,0,0
i,i,0.98500433799927,,0,0,0
o,o,1.2681233100011,,0,0,0
i,i,0.87553175400171,,0,0,0
cw,cw,0.41305868400013,,0.0054811439986224,0,0
A,A,0.62710350700218,,0,0,0
o,o,0.899708293,,0,0,0
i,i,0.19753266800035,,0,0,0
A,A,0.54713048600024,,0,0,0
o,o,0.41007534399978,,0,0,0
i,i,0.58854888299902,,0,0,0
A,A,1.1432194339977,,0,0,0
o,o,0.83211701399705,,0,0,0
o,o,0.36667792400112,,0,0,0
o,o,0.33463027299877,,0,0,0
i,i,0.73073093399944,,0,0,0
A,A,0.95537570899978,,0,0,0
o,o,1.0610944629989,,0,0,0
o,o,0.41308634099914,,0,0,0
i,i,1.4031519380005,,0,0,0
o,o,1.2184991209979,,0,0,0
cw,cw,0.80331865799963,,0.0047464139970543,0,0
i,i,0.34039217899772,,0,0,0
o,o,0.13296048800112,,0,0,0
ci*,ci(,1.1554290869972,,0.25886197600266,0.62965830199755,0
A,A,0.17877441599921,,0,0,0
I,I,0.27271234200089,,0,0,0
A,A,0.67999012200016,,0,0,0
o,o,0.24816927500069,,0,0,0
I,I,0.39160707300107,,0,0,0
A,A,0.19995783600098,,0,0,0
o,o,3.079961307998,,0,0,0
i,i,0.48809560199879,,0,0,0
o,o,1.3456013210016,,0,0,0
a,a,0.15999493100026,,0,0,0
i,i,0.24618243000077,,0,0,0
a,a,0.10995197500233,,0,0,0
i,i,0.65329845900123,,0,0,0
i,i,0.83628430399767,,0,0,0
a,a,0.42773988200133,,0,0,0
d**,dlA,1.119891047998,,0.00026763200003188,0.65970402200037,0
i,i,6.2117878730023,,0,0,0
A,A,1.0301156619971,,0,0,0
i,i,4.3638408119987,,0,0,0
d**,dli,1.5402417209989,,3.1568997655995e-05,1.1598260150022,0
i,i,4.1927187669971,,0,0,0
i,i,0.49007155200161,,0,0,0
i,i,0.41042510899933,,0,0,0
o,o,3.1921004329997,,0,0,0
I,I,2.0722853719999,,0,0,0
A,A,1.4360485800025,,0,0,0
o,o,1.0782371460009,,0,0,0
A,A,59.089331500003,,0,0,0
o,o,0.8048576809997,,0,0,0
A,A,0.52996042499944,,0,0,0
cw,cw,0.90463042700139,,0.014115762001893,0,0
A,A,0.24142512099934,,0,0,0
d**,dli,1.4648544789998,,3.296499926364e-05,1.0800086010022,0
i,i,0.34408371000245,,0,0,0
cw,cw,6.7430702540005,,0.0043941339972662,0,0
cw,cw,0.25120737199904,,0.0048670989999664,0,0
cw,cw,1.6780961269978,,0.0046665150002809,0,0
A,A,0.65517439599716,,0,0,0
A,A,0.51829441600057,,0,0,0
o,o,3.5029505860002,,0,0,0
i,i,0.45400020399757,,0,0,0
o,o,0.34320678299991,,0,0,0
cw,cw,0.41540982099832,,0.0046438870012935,0,0
cw,cw,0.3006410329981,,0.0048413969998364,0,0
cw,cw,1.659941861999,,0.0055001410000841,0,0
o,o,0.62616903099843,,0,0,0
o,o,0.26420846600013,,0,0,0
i,i,0.46282143899953,,0,0,0
s,s,2.114780721,,0,0,0
i,i,0.16366103999826,,0,0,0
cw,cw,0.64763265500005,,0.0055900970000948,0,0
i,i,0.41432169399923,,0,0,0
o,o,2.5700274530027,,0,0,0
d**,ddi,2.4290600819986,,0.0050760650010488,0.63487097599864,0
A,A,0.74016844699872,,0,0,0
A,A,0.54027765999854,,0,0,0
i,i,0.47389100299915,,0,0,0
i,i,0.42322561999754,,0,0,0
cw,cw,0.70649181699991,,0.0054048780002631,0,0
o,o,0.47297496499959,,0,0,0
A,A,1.669979731003,,0,0,0
A,A,0.86983466099991,,0,0,0
cw,cw,0.81331769499957,,0.0068508709991875,0,0
A,A,1.2004943169995,,0,0,0
A,A,1.4236637639988,,0,0,0
A,A,0.64658028600024,,0,0,0
i,i,0.34950981899965,,0,0,0
i,i,0.39995562100012,,0,0,0
I,I,0.81468993800081,,0,0,0
o,o,1.1532899880003,,0,0,0
I,I,0.84076811399791,,0,0,0
A,A,0.94370662700021,,0,0,0
o,o,3.1832582460011,,0,0,0
o,o,1.4000331050011,,0,0,0
A,A,0.46664091799903,,0,0,0
A,A,0.82222413599811,,0,0,0
i,i,2.4728209550012,,0,0,0
d**,dlA,1.5390692250003,,3.2126998121385e-05,0.83907153000109,0
A,A,0.91233447999912,,0,0,0
A,A,0.49658914100291,,0,0,0
cw,cw,0.7784400749988,,0.004945601001964,0,0
i,i,0.64830592499857,,0,0,0
cw,cw,0.4215611619984,,0.0068748970006709,0,0
i,i,0.61299417000191,,0,0,0
i,i,0.36408010800005,,0,0,0
cw,cw,0.7032604010019,,0.0044173220012453,0,0
A,A,0.66996119299802,,0,0,0
i,i,0.14333415299916,,0,0,0
o,o,4.3366490859989,,0,0,0
o,o,5.9613224960012,,0,0,0
i,i,0.32323217500016,,0,0,0
i,i,0.47858266099865,,0,0,0
i,i,0.95002838100118,,0,0,0
O,O,13.393434581998,,0,0,0
o,o,0.41996179700072,,0,0,0
i,i,0.78111359899776,,0,0,0
i,i,0.16667427299762,,0,0,0
o,o,0.44604053299918,,0,0,0
o,o,2.932934227003,,0,0,0
cw,cw,2.9445946489977,,0.0049659940013953,0,0
i,i,0.49229809200187,,0,0,0
i,i,0.33633859100155,,0,0,0
i,i,0.43789452399869,,0,0,0
i,i,0.96867935599948,,0,0,0
O,O,2.3468434780007,,0,0,0
I,I,0.25183761899825,,0,0,0
i,i,0.18430975699812,,0,0,0
o,o,0.84335671200097,,0,0,0
I,I,1.1999537449992,,0,0,0
d**,dlA,1.2905881779989,,3.4640997910174e-05,0.7856957460026,0
i,i,0.42584327100121,,0,0,0
A,A,0.44072477300142,,0,0,0
i,i,0.32350735,,0,0,0
a,a,0.4406434779994,,0,0,0
a,a,0.78166897700066,,0,0,0
A,A,3.2945860930013,,0,0,0
i,i,0.32271590799792,,0,0,0
i,i,0.63402841000061,,0,0,0
i,i,5.8624833869981,,0,0,0
i,i,0.36355071099752,,0,0,0
i,i,0.48823891699794,,0,0,0
i,i,0.48235939799997,,0,0,0
i,i,0.28666383699965,,0,0,0
i,i,0.34997049199956,,0,0,0
i,i,0.55036246099917,,0,0,0
cw,cw,0.63012009199883,,0.0047656899987487,0,0
d**,dwi,1.8485242290008,,0.0054780720020062,1.6345266179997,0
i,i,1.0601608239995,,0,0,0
i,i,0.44786897800077,,0,0,0
i,i,0.61350792299709,,0,0,0
i,i,0.35676465300276,,0,0,0
i,i,0.35999020199961,,0,0,0
i,i,0.39002279299893,,0,0,0
cw,cw,1.4084294249988,,0.0048441920007463,0,0
i,i,0.61156996800128,,0,0,0
i,i,0.43600992700158,,0,0,0
o,o,1.0066699420022,,0,0,0
i,i,0.43328527899939,,0,0,0
i,i,0.43036367899913,,0,0,0
cw,cw,0.69536358600089,,0.0072372329996142,0,0
cw,cw,1.3814810240001,,0.0049204579991056,0,0
i,i,0.27845720599726,,0,0,0
A,A,0.24317730000257,,0,0,0
o,o,0.99306513900228,,0,0,0
A,A,0.46347347700066,,0,0,0
A,A,0.49361222700099,,0,0,0
o,o,1.3533090060009,,0,0,0
i,i,0.31290963299762,,0,0,0
A,A,0.74680057599835,,0,0,0
o,o,0.23989783199795,,0,0,0
o,o,0.12777966000067,,0,0,0
o,o,0.1030256740014,,0,0,0
o,o,0.13020119800058,,0,0,0
o,o,0.0073361280010431,,0,0,0
o,o,0.13468752300105,,0,0,0
o,o,0.10660685499897,,0,0,0
o,o,0.10335504600152,,0,0,0
o,o,0.0068058940014453,,0,0,0
o,o,0.11660170300092,,0,0,0
o,o,0.12360035799793,,0,0,0
o,o,0.15657326700239,,0,0,0
o,o,0.0062262100000225,,0,0,0
i,i,0.58894558099928,,0,0,0
i,i,0.39661385499858,,0,0,0
i,i,0.44926329000009,,0,0,0
A,A,1.4833492889993,,0,0,0
o,o,0.50465441299821,,0,0,0
A,A,0.29650140000012,,0,0,0
o,o,0.34329813499789,,0,0,0
I,I,2.6666199069987,,0,0,0
o,o,1.6401935400027,,0,0,0
i,i,1.0776583020015,,0,0,0
A,A,0.45133226799953,,0,0,0
o,o,0.56836307499907,,0,0,0
A,A,0.69397095100067,,0,0,0
o,o,12.988664381999,,0,0,0
A,A,0.35216741900149,,0,0,0
o,o,0.72155490600198,,0,0,0
o,o,0.41990117400201,,0,0,0
I,I,0.31275961400024,,0,0,0
A,A,1.5566491150021,,0,0,0
a,a,0.20808819900049,,0,0,0
A,A,0.6667227930011,,0,0,0
cw,cw,2.8098858949998,,0.0043963690004603,0,0
cw,cw,16.449323833,,0.0045762810004817,0,0
cw,cw,1.7638500510002,,0.0044874420018459,0,0
a,a,1.3399553509989,,0,0,0
i,i,0.52073299399854,,0,0,0
cw,cw,0.74300987100287,,0.0041021979996003,0,0
i,i,0.30614257100024,,0,0,0
cw,cw,1.4157538189975,,0.0044759880001948,0,0
cw,cw,0.54592223200234,,0.0040926990004664,0,0
i,i,0.9506466160019,,0,0,0
A,A,1.1018954619976,,0,0,0
o,o,0.53453279500172,,0,0,0
A,A,0.13639248799882,,0,0,0
cw,cw,0.52794592300052,,0.004438552998181,0,0
i,i,0.87758313200175,,0,0,0
i,i,0.89342090099672,,0,0,0
i,i,1.0033569510015,,0,0,0
i,i,1.8869078819989,,0,0,0
a,a,0.12342659299975,,0,0,0
i,i,0.75980697799969,,0,0,0
i,i,0.28104859700034,,0,0,0
i,i,1.3585521299974,,0,0,0
A,A,0.43374343799951,,0,0,0
o,o,0.22876122000162,,0,0,0
i,i,0.9882460910012,,0,0,0
A,A,1.1808876329997,,0,0,0
A,A,0.21570453100139,,0,0,0
i,i,1.3046265560006,,0,0,0
A,A,1.111313141002,,0,0,0
i,i,1.2716293429985,,0,0,0
i,i,1.1941957509989,,0,0,0
A,A,0.39585202699891,,0,0,0
i,i,0.85991887500131,,0,0,0
I,I,0.63654074100123,,0,0,0
A,A,0.78566445700199,,0,0,0
I,I,0.67035314199893,,0,0,0
i,i,1.105695667,,0,0,0
A,A,0.86128580799777,,0,0,0
i,i,0.78492888999972,,0,0,0
i,i,0.71929400500085,,0,0,0
I,I,0.63482655699772,,0,0,0
A,A,1.343080609,,0,0,0
A,A,0.40590498099846,,0,0,0
d**,ddo,1.7781099660024,,0.0038767500009271,0.7047591949995,0
O,O,0.39658787499866,,0,0,0
A,A,0.24628998600019,,0,0,0
cw,cw,0.97406272200169,,0.0044262610026635,0,0
A,A,0.12808863799728,,0,0,0
o,o,1.5856449819985,,0,0,0
i,i,0.24521582800298,,0,0,0
i,i,0.30382132600062,,0,0,0
i,i,1.5298876099987,,0,0,0
o,o,0.7707558569964,,0,0,0
o,o,0.50272120599766,,0,0,0
i,i,0.10827075500129,,0,0,0
A,A,2.0266245359999,,0,0,0
s,s,1.6360147970008,,0,0,0
A,A,0.34730730400042,,0,0,0
o,o,2.2061733510018,,0,0,0
s,s,1.4832758159973,,0,0,0
a,a,0.35771086300156,,0,0,0
d**,dlA,0.59606296700076,,3.8272999518085e-05,0.4078272930019,0
o,o,2.6313908440025,,0,0,0
s,s,3.7456484939976,,0,0,0
A,A,0.17000709900094,,0,0,0
o,o,0.37647218699931,,0,0,0
d**,djo,4.3822699720004,,1.312186455998,0.2899176030005,0
A,A,0.12687200299843,,0,0,0
o,o,0.96006066299742,,0,0,0
ci*,ci(,2.5254835190026,,0.25892595099867,0.56251512400195,0
O,O,6.3743107789996,,0,0,0
o,o,0.32120454200049,,0,0,0
A,A,0.20246290300202,,0,0,0
o,o,2.0072586650022,,0,0,0
A,A,0.39163333299803,,0,0,0
cw,cw,0.50602050799716,,0.0039326229998551,0,0
a,a,0.22843436299809,,0,0,0
ci*,ci(,1.2981455640002,,0.26140894800119,0.3112800960007,0
cw,cw,0.55000403600206,,0.004516495999269,0,0
cw,cw,0.37472364000132,,0.00441983500059,0,0
a,a,0.57536396599971,,0,0,0
i,i,4.740226676,,0,0,0
i,i,1.6902725360014,,0,0,0
ci*,ci(,1.3198726299997,,0.26702977500099,0.55416853199858,0
cw,cw,0.43853957900137,,0.0039365339980577,0,0
o,o,1.1690260680007,,0,0,0
o,o,0.56782501699854,,0,0,0
i,i,2.3141158520011,,0,0,0
ca*,ca",3.924390223001,,2.1238880250021,0.139282240998,0
ci*,ci(,1.9994657740026,,0.26038339799925,0.32391354700303,0
A,A,0.4351975339996,,0,0,0
i,i,0.67657991200031,,0,0,0
cw,cw,0.57970166800078,,0.0076439889999165,0,0
s,s,2.244152205003,,0,0,0
ca*,ca(,2.3362264860007,,0.33653191099802,1.0731733739995,0
i,i,0.34061064199705,,0,0,0
i,i,0.51830251700085,,0,0,0
i,i,1.0139244970014,,0,0,0
I,I,0.29670142599934,,0,0,0
O,O,0.9149205629983,,0,0,0
s,s,1.9270168950025,,0,0,0
A,A,0.41664657100046,,0,0,0
o,o,0.46322037200298,,0,0,0
o,o,1.2799376619987,,0,0,0
o,o,0.81109087599907,,0,0,0
A,A,0.2190499290009,,0,0,0
cw,cw,1.3527840790011,,0.0042052839999087,0,0
o,o,0.86307402400053,,0,0,0
i,i,2.1433798889993,,0,0,0
a,a,0.26005514400094,,0,0,0
A,A,0.16593563200149,,0,0,0
o,o,0.64921190600217,,0,0,0
d**,ddA,1.5372488819994,,0.0062005100007809,1.3611256420008,0
cc,cc,0.18354848599847,,0.0051291439995111,0,0
O,O,0.91961278000235,,0,0,0
s,s,0.67718389899892,,0,0,0
A,A,0.86643702200308,,0,0,0
o,o,0.66618976400059,,0,0,0
cw,cw,1.0866432440016,,0.0046128769972711,0,0
i,i,0.35996338399855,,0,0,0
cw,cw,4.769503304,,0.0041480139989289,0,0
a,a,0.87075572799949,,0,0,0
A,A,0.57668871499845,,0,0,0
s,s,2.2036009570002,,0,0,0
cw,cw,3.2823778370002,,0.00492576599936,0,0
cw,cw,0.42071552400012,,0.0098045990016544,0,0
A,A,0.21328858199922,,0,0,0
A,A,0.34508355699654,,0,0,0
i,i,1.3598874960007,,0,0,0
A,A,1.5588871100008,,0,0,0
i,i,0.34215441400011,,0,0,0
ci*,ci(,0.97857000000295,,0.25981042099738,0.29963420100103,0
ci*,ci(,1.0519416230018,,0.25862982399849,0.33668584100087,0
cw,cw,0.80356980699798,,0.0074738559997058,0,0
a,a,0.76767334300166,,0,0,0
d**,ddI,1.2087892270029,,0.0044583879971469,0.85995854400244,0
i,i,0.34474245299862,,0,0,0
i,i,0.68989892500031,,0,0,0
i,i,0.2998828359996,,0,0,0
i,i,0.63930226599769,,0,0,0
i,i,0.31005563800136,,0,0,0
O,O,1.0489471070032,,0,0,0
o,o,3.3739582000017,,0,0,0
A,A,0.23329000800004,,0,0,0
i,i,0.32690191499933,,0,0,0
cw,cw,0.67218801299896,,0.0051978669980599,0,0
A,A,0.29795968700273,,0,0,0
A,A,0.19232250699861,,0,0,0
o,o,0.61332102799861,,0,0,0
A,A,0.7720646830021,,0,0,0
O,O,2.1061226370002,,0,0,0
o,o,0.51791867000429,,0,0,0
O,O,0.47976018500049,,0,0,0
o,o,0.2792855239968,,0,0,0
A,A,0.27158538200456,,0,0,0
A,A,1.2165893810015,,0,0,0
o,o,0.7523638529965,,0,0,0
A,A,0.39684936000413,,0,0,0
A,A,0.52919608200318,,0,0,0
A,A,0.22873887099558,,0,0,0
i,i,0.31732667500182,,0,0,0
o,o,0.24777983999957,,0,0,0
a,a,0.68369031399925,,0,0,0
i,i,0.51326751900342,,0,0,0
i,i,0.43351882899879,,0,0,0
A,A,1.7019315610014,,0,0,0
o,o,0.41249017600057,,0,0,0
i,i,0.83313446200191,,0,0,0
i,i,0.38992976399459,,0,0,0
i,i,0.28249850199791,,0,0,0
i,i,1.1884215530008,,0,0,0
d**,dwi,1.6445558269988,,0.0054437100043288,0.76260817299772,0
d**,dli,0.68614984500164,,3.2127005397342e-05,0.51261687799706,0
i,i,0.35582710300514,,0,0,0
i,i,0.32360764199984,,0,0,0
i,i,0.35580670999479,,0,0,0
i,i,0.29393515300035,,0,0,0
i,i,1.4693449940023,,0,0,0
i,i,1.1038166569997,,0,0,0
i,i,0.28025911100121,,0,0,0
a,a,0.96714787599922,,0,0,0
a,a,1.1344940220006,,0,0,0
i,i,0.41108692499984,,0,0,0
i,i,0.34270504300366,,0,0,0
cw,cw,1.3778727440003,,0.0041728770011105,0,0
i,i,0.42355862299883,,0,0,0
i,i,0.29224918399996,,0,0,0
i,i,1.3649588109984,,0,0,0
i,i,0.45499921400187,,0,0,0
i,i,0.36425778499688,,0,0,0
i,i,0.39757123899471,,0,0,0
i,i,0.28711473200383,,0,0,0
i,i,0.3750907270005,,0,0,0
i,i,0.67908051000268,,0,0,0
A,A,1.0585173189975,,0,0,0
A,A,0.4165719800003,,0,0,0
cw,cw,0.62547061800433,,0.003884014004143,0,0
cw,cw,3.4504690500034,,0.006046859001799,0,0
i,i,1.5264874569984,,0,0,0
a,a,0.19626071800303,,0,0,0
a,a,0.66948040600255,,0,0,0
i,i,0.41104250599892,,0,0,0
i,i,0.35612965600012,,0,0,0
i,i,2.7588559399956,,0,0,0
ca*,cap,1.5483645409986,,0.25400409600115,5.9224999858998e-05,0
ca*,ca",2.879770202002,,0.26061052300065,0.80807903999812,0
cw,cw,1.139463927997,,0.0036747690028278,0,0
cw,cw,1.1532648459979,,0.0037228200017125,0,0
cw,cw,0.65312776700011,,0.0050003559954348,0,0
o,o,1.6444027350008,,0,0,0
i,i,2.0855211330054,,0,0,0
O,O,0.81994535400008,,0,0,0
I,I,0.80918672300322,,0,0,0
O,O,1.1529522369965,,0,0,0
i,i,1.7133902809946,,0,0,0
o,o,0.51155082100013,,0,0,0
i,i,0.55671494600392,,0,0,0
i,i,0.23316792599508,,0,0,0
cw,cw,1.4813856320034,,0.0074998369964305,0,0
i,i,0.36400160600169,,0,0,0
cw,cw,0.5722767010011,,0.0057339689956279,0,0
cw,cw,11.648922464999,,0.0041474540048512,0,0
i,i,0.50397164400056,,0,0,0
i,i,0.72264135799924,,0,0,0
A,A,0.23479327200039,,0,0,0
I,I,0.76355466200039,,0,0,0
I,I,0.35334494400013,,0,0,0
A,A,0.7640033219941,,0,0,0
I,I,0.69091721099539,,0,0,0
O,O,0.48130395599583,,0,0,0
o,o,0.33024200500222,,0,0,0
I,I,0.92312440000387,,0,0,0
A,A,1.730514805,,0,0,0
o,o,1.2528688559978,,0,0,0
o,o,6.6342890989981,,0,0,0
i,i,4.8399583550054,,0,0,0
O,O,0.82122847799474,,0,0,0
A,A,0.26312816100108,,0,0,0
cw,cw,2.2611672170024,,0.0040183879973483,0,0
a,a,0.72995848899882,,0,0,0
cw,cw,0.49819968199881,,0.0045938809998916,0,0
cw,cw,0.77032842899644,,0.0061390490009217,0,0
o,o,0.48119584300002,,0,0,0
A,A,0.33250402499834,,0,0,0
o,o,0.41554643100244,,0,0,0
i,i,0.37947368599998,,0,0,0
i,i,0.20907379999699,,0,0,0
o,o,0.43379316500068,,0,0,0
i,i,0.31259981699986,,0,0,0
i,i,0.19796177100216,,0,0,0
o,o,1.4666379459959,,0,0,0
O,O,0.49635615100124,,0,0,0
o,o,0.28967064300377,,0,0,0
A,A,0.24305102699873,,0,0,0
O,O,0.80352315399796,,0,0,0
A,A,0.19614170799468,,0,0,0
A,A,0.82070941799611,,0,0,0
I,I,0.71415089199581,,0,0,0
A,A,0.30240969399892,,0,0,0
o,o,1.6199811929982,,0,0,0
o,o,0.89959179799916,,0,0,0
A,A,0.32297320399812,,0,0,0
i,i,3.5621667769956,,0,0,0
i,i,0.30168390300241,,0,0,0
i,i,7.1128790229996,,0,0,0
i,i,1.0988713349943,,0,0,0
i,i,0.79373782999755,,0,0,0
i,i,0.21099639000022,,0,0,0
I,I,0.28881718299817,,0,0,0
i,i,0.40996220100351,,0,0,0
i,i,1.8766194229975,,0,0,0
i,i,0.36333196800115,,0,0,0
i,i,0.74675196599856,,0,0,0
a,a,1.0544497630035,,0,0,0
a,a,0.96770856199873,,0,0,0
i,i,0.65001228800247,,0,0,0
cw,cw,0.32820655099931,,0.0063784649973968,0,0
o,o,0.31745630099613,,0,0,0
O,O,0.69988511200063,,0,0,0
A,A,0.80162793999625,,0,0,0
i,i,0.50312656500319,,0,0,0
i,i,0.27253634099907,,0,0,0
a,a,0.45930004100228,,0,0,0
cw,cw,0.31092642000294,,0.0053015119992779,0,0
cw,cw,0.34925811100402,,0.0045430359969032,0,0
o,o,1.3591801439979,,0,0,0
A,A,0.69540856400272,,0,0,0
o,o,1.1116008870013,,0,0,0
o,o,0.4010029609999,,0,0,0
A,A,0.24724792900088,,0,0,0
i,i,0.39629761399556,,0,0,0
A,A,0.36551129600412,,0,0,0
i,i,0.46732424600486,,0,0,0
A,A,0.89138600599836,,0,0,0
i,i,0.49273557800188,,0,0,0
i,i,0.76285932199971,,0,0,0
o,o,1.3599489560002,,0,0,0
o,o,0.13085798499378,,0,0,0
A,A,0.39251137799874,,0,0,0
i,i,0.3540866580006,,0,0,0
A,A,0.20254196300084,,0,0,0
o,o,0.94525933799741,,0,0,0
I,I,0.37432582499605,,0,0,0
I,I,0.31318089699926,,0,0,0
A,A,0.60652798500087,,0,0,0
ca*,ca",2.2611490589989,,0.26410789500369,0.17382238800201,0
o,o,1.304786353001,,0,0,0
A,A,0.70708490999823,,0,0,0
i,i,0.44780276800157,,0,0,0
I,I,0.98604916399927,,0,0,0
I,I,0.46059266400698,,0,0,0
o,o,0.81111741600034,,0,0,0
o,o,1.1467486530019,,0,0,0
i,i,0.01327850400412,,0,0,0
cw,cw,2.5764131809992,,0.0067318619985599,0,0
O,O,0.8073026839993,,0,0,0
o,o,1.993633746999,,0,0,0
A,A,0.88682900200365,,0,0,0
A,A,0.91615479800384,,0,0,0
o,o,1.8362869179982,,0,0,0
i,i,3.5115170380013,,0,0,0
i,i,0.21902478599804,,0,0,0
i,i,0.26840816200274,,0,0,0
i,i,0.19022028499603,,0,0,0
i,i,0.78858298500563,,0,0,0
o,o,0.49665171899687,,0,0,0
o,o,1.257622252997,,0,0,0
o,o,2.1281282280033,,0,0,0
o,o,0.011875811993377,,0,0,0
A,A,0.25927906799916,,0,0,0
cw,cw,0.49758395999379,,0.0043857530035893,0,0
o,o,0.8388963680045,,0,0,0
A,A,0.59156379100023,,0,0,0
A,A,0.26321951399586,,0,0,0
o,o,0.36868264900113,,0,0,0
o,o,0.42644474500412,,0,0,0
i,i,0.29567224500352,,0,0,0
o,o,21.617634847004,,0,0,0
cw,cw,3.5483516120003,,0.0044620199987548,0,0
cw,cw,1.1836231769994,,0.0040801279974403,0,0
cw,cw,0.45737996399839,,0.0074132330046268,0,0
cw,cw,0.012431469003786,,0.0040175499962061,0,0
cw,cw,0.020578595002007,,0.0076152149995323,0,0
cw,cw,0.015701717995398,,0.0076931579969823,0,0
cw,cw,0.02039421399968,,0.0057725219958229,0,0
cw,cw,0.38404074800201,,0.0053029090049677,0,0
cw,cw,1.319391003999,,0.0046670739975525,0,0
cw,cw,0.68070920799801,,0.0047589850000804,0,0
O,O,0.50536930800445,,0,0,0
cw,cw,1.0266244369996,,0.0047802170010982,0,0
i,i,1.3100565770001,,0,0,0
cw,cw,7.6115698280046,,0.0042787569982465,0,0
i,i,0.72042962400155,,0,0,0
o,o,0.50324473699584,,0,0,0
A,A,0.22187263400701,,0,0,0
i,i,0.38854355399963,,0,0,0
cw,cw,1.3803750180014,,0.0041745540002012,0,0
i,i,0.3505239139995,,0,0,0
o,o,0.60203104399989,,0,0,0
A,A,0.31665675799741,,0,0,0
o,o,0.79219349999767,,0,0,0
i,i,0.2835754540065,,0,0,0
cw,cw,0.69244366199564,,0.004560635999951,0,0
A,A,0.8247188670066,,0,0,0
A,A,2.163129888002,,0,0,0
o,o,1.3798883639975,,0,0,0
A,A,0.84216130899586,,0,0,0
o,o,0.7838097519998,,0,0,0
d**,dwi,1.278522118002,,0.0046877470012987,0.66677866599639,0
A,A,0.37002499799564,,0,0,0
O,O,0.63992720600072,,0,0,0
O,O,1.4756256809997,,0,0,0
o,o,1.2734097360008,,0,0,0
o,o,1.3764764779989,,0,0,0
o,o,0.91042669500166,,0,0,0
s,s,0.010835736000445,,0,0,0
A,A,1.9645926239973,,0,0,0
o,o,0.91334326699871,,0,0,0
cw,cw,1.2658191060036,,0.0040507949961466,0,0
ci*,ci",2.105686269002,,0.25890192499355,0.86285472300369,0
s,s,1.7265704490055,,0,0,0
A,A,0.3865340820048,,0,0,0
d**,dli,4.980583782999,,2.8216003556736e-05,3.4980507999935,0
i,i,0.38946238700009,,0,0,0
cw,cw,0.33943339699908,,0.0052210549984011,0,0
o,o,2.0283032420048,,0,0,0
o,o,0.77606016299978,,0,0,0
i,i,0.4279664459973,,0,0,0
i,i,1.2034731879976,,0,0,0
A,A,0.77687954100111,,0,0,0
A,A,0.48135452200222,,0,0,0
A,A,0.85078279599838,,0,0,0
cw,cw,0.38866172599955,,0.0048830230007297,0,0
A,A,0.24863246300083,,0,0,0
A,A,0.4119655290051,,0,0,0
A,A,2.1857467310037,,0,0,0
o,o,0.0036744899989571,,0,0,0
s,s,0.50460999400093,,0,0,0
i,i,0.54608817400003,,0,0,0
cw,cw,0.77323829599482,,0.012588194003911,0,0
i,i,0.53387516899966,,0,0,0
i,i,0.53325972799939,,0,0,0
i,i,0.45042013999773,,0,0,0
cw,cw,1.5000290640019,,0.0048679370011087,0,0
cw,cw,0.26571200999751,,0.0052319499955047,0,0
A,A,6.1823489320013,,0,0,0
A,A,8.3866172930066,,0,0,0
A,A,0.9204346720071,,0,0,0
A,A,1.0827888429994,,0,0,0
A,A,0.83949979700265,,0,0,0
A,A,0.21443844899477,,0,0,0
cw,cw,0.21645658300258,,0.0084857160036336,0,0
cw,cw,0.66945302800013,,0.0052780459955102,0,0
cw,cw,1.7861389190002,,0.005254857998807,0,0
A,A,0.93996704500023,,0,0,0
i,i,0.39914769700408,,0,0,0
A,A,0.67686933399818,,0,0,0
A,A,14.363410191996,,0,0,0
i,i,0.65974732399627,,0,0,0
A,A,1.2100620140045,,0,0,0
o,o,0.0084119629973429,,0,0,0
o,o,1.1148870589968,,0,0,0
A,A,1.2608634479984,,0,0,0
A,A,0.28679122699396,,0,0,0
cw,cw,0.96970909599622,,0.0055205349999596,0,0
cw,cw,0.43524558400532,,0.005374706001021,0,0
A,A,0.90705056799999,,0,0,0
A,A,0.797581337,,0,0,0
A,A,0.57353887299999,,0,0,0
A,A,0.52688740799999,,0,0,0
ci*,ci",4.352028416,,0.26461577999999,0.38300793499997,0
cw,cw,2.119578817,,0.0091740720000075,0,0
i,i,0.44406961200002,,0,0,0
i,i,0.95707536599997,,0,0,0
i,i,0.367899588,,0,0,0
o,o,1.2932628199999,,0,0,0
O,O,0.36931513199988,,0,0,0
A,A,1.032983904,,0,0,0
cw,cw,0.67453356199985,,0.0040818040001795,0,0
cw,cw,0.5256316619998,,0.0043273659998704,0,0
i,i,0.46103210399997,,0,0,0
i,i,0.22009391599977,,0,0,0
d**,ddO,1.6028410239996,,0.004006655000012,0.84891747499978,0
i,i,0.75483595500009,,0,0,0
i,i,0.31981218700003,,0,0,0
d**,ddO,1.6827126350004,,0.0064301470001737,0.56118115599975,0
i,i,0.30936393100001,,0,0,0
O,O,0.62662691000014,,0,0,0
i,i,7.3610209210001,,0,0,0
O,O,0.5416208470001,,0,0,0
i,i,0.40993314700017,,0,0,0
O,O,0.51418132300023,,0,0,0
O,O,1.0156199640001,,0,0,0
i,i,0.28338492800003,,0,0,0
O,O,1.1604923020004,,0,0,0
A,A,0.46866938899984,,0,0,0
o,o,11.088208408,,0,0,0
o,o,0.66382102699981,,0,0,0
o,o,1.2253175859996,,0,0,0
o,o,0.49486741300007,,0,0,0
i,i,0.00030702200001542,,0,0,0
o,o,1.094858814,,0,0,0
O,O,0.69339238500015,,0,0,0
i,i,3.1862209139999,,0,0,0
O,O,0.49273473999983,,0,0,0
o,o,0.48481529700075,,0,0,0
i,i,0.0028782990002583,,0,0,0
o,o,0.91408861399941,,0,0,0
A,A,0.31548649700017,,0,0,0
o,o,0.97834036099994,,0,0,0
o,o,25.042671053,,0,0,0
i,i,0.30794615200011,,0,0,0
i,i,0.33886321299997,,0,0,0
i,i,0.34522491700045,,0,0,0
i,i,0.19913762000033,,0,0,0
cw,cw,0.22264619699945,,0.0019577909997679,0,0
i,i,0.75266221499987,,0,0,0
s,s,0.0087530689997948,,0,0,0
o,o,0.83900029200049,,0,0,0
A,A,1.959921359,,0,0,0
o,o,0.6331702009993,,0,0,0
o,o,0.34108668099998,,0,0,0
i,i,1.785143262,,0,0,0
o,o,0.74351803599984,,0,0,0
A,A,0.54581439699996,,0,0,0
o,o,0.79867449199992,,0,0,0
i,i,0.33632992999992,,0,0,0
o,o,0.90336462399955,,0,0,0
o,o,3.9381891849998,,0,0,0
d**,ddo,42.621146329,,0.0044581089996427,41.948084463,0
i,i,0.33275405600034,,0,0,0
A,A,0.91873278000003,,0,0,0
o,o,5.4503463290002,,0,0,0
i,i,1.1453258470001,,0,0,0
o,o,1.5595357949996,,0,0,0
cw,cw,0.40432405299998,,0.0043156330002603,0,0
i,i,1.8222636259998,,0,0,0
o,o,0.26403833300083,,0,0,0
a,a,0.75863364499946,,0,0,0
a,a,0.15990330000022,,0,0,0
a,a,0.093446243000471,,0,0,0
a,a,0.07534617499914,,0,0,0
a,a,0.089937417000328,,0,0,0
a,a,0.093318574000477,,0,0,0
a,a,0.094167843999458,,0,0,0
a,a,0.14567160099978,,0,0,0
a,a,0.083244108000144,,0,0,0
a,a,0.06145558299977,,0,0,0
a,a,0.057980558999589,,0,0,0
a,a,0.068324332999509,,0,0,0
d**,ddO,9.7005620729997,,0.0049266039995928,9.2673759689997,0
a,a,0.27330012499988,,0,0,0
o,o,5.1804888189999,,0,0,0
i,i,3.2687140880007,,0,0,0
o,o,0.64957452199997,,0,0,0
o,o,0.63209129300049,,0,0,0
o,o,2.1840993150017,,0,0,0
o,o,0.77326623299996,,0,0,0
O,O,0.36527243799901,,0,0,0
A,A,0.44637884400072,,0,0,0
i,i,0.67666204600027,,0,0,0
C,C,2.0377041579995,,0,0,0
i,i,2.3703959150007,,0,0,0
i,i,0.0012563050004246,,0,0,0
i,i,0.0012420570001268,,0,0,0
i,i,0.0012378669998725,,0,0,0
i,i,0.0012778159998561,,0,0,0
i,i,1.025500830001,,0,0,0
i,i,0.83062743900155,,0,0,0
a,a,0.92463213399969,,0,0,0
i,i,0.98329378499875,,0,0,0
i,i,0.91735914200035,,0,0,0
cw,cw,0.61901281300015,,0.0041913149998436,0,0
cw,cw,0.40027968399954,,0.0038792649993411,0,0
cw,cw,0.42560748699907,,0.0054302999997162,0,0
cw,cw,0.35896968100133,,0.0042318240011809,0,0
cw,cw,0.32900804999917,,0.0039957589997357,0,0
o,o,0.91628162999996,,0,0,0
cw,cw,0.72957408299999,,0.0052713400000357,0,0
cw,cw,0.014643761999992,,0.0050972960000308,0,0
i,i,0.71312785700002,,0,0,0
i,i,0.86331288099996,,0,0,0
s,s,0.01226915899997,,0,0,0
O,O,0.28256247600007,,0,0,0
o,o,1.0804698320001,,0,0,0
a,a,0.15886601700004,,0,0,0
o,o,3.5698644029999,,0,0,0
a,a,0.13665900199999,,0,0,0
o,o,1.6404944159999,,0,0,0
a,a,0.35775025299995,,0,0,0
d**,dlA,0.68394956499992,,2.9053999924145e-05,0.42239534700002,0
O,O,4.1898605819999,,0,0,0
O,O,0.57033678900007,,0,0,0
O,O,0.86357743999997,,0,0,0
A,A,0.18640192199996,,0,0,0
A,A,0.066642555000044,,0,0,0
o,o,1.5655072250001,,0,0,0
i,i,0.49529651800003,,0,0,0
i,i,0.5952399570001,,0,0,0
o,o,0.93560531700018,,0,0,0
A,A,0.42065099000001,,0,0,0
o,o,8.185636143,,0,0,0
A,A,0.23276731600004,,0,0,0
a,a,0.09600159699994,,0,0,0
A,A,0.46140002800007,,0,0,0
o,o,0.567496205,,0,0,0
O,O,0.78881765200003,,0,0,0
i,i,0.89502417799986,,0,0,0
a,a,0.403328117,,0,0,0
A,A,0.70663038199996,,0,0,0
cw,cw,0.25319002599986,,0.0043541850000111,0,0
i,i,0.32547715300007,,0,0,0
i,i,0.32756875999985,,0,0,0
i,i,0.062124103000087,,0,0,0
o,o,0.49651650600003,,0,0,0
a,a,0.01753854399999,,0,0,0
A,A,1.546591411,,0,0,0
cw,cw,0.68523883400007,,0.0042580829999679,0,0
i,i,0.61845799499997,,0,0,0
i,i,2.8176508490001,,0,0,0
a,a,0.58860391799999,,0,0,0
i,i,0.46620371199992,,0,0,0
a,a,0.61243991099991,,0,0,0
o,o,0.97901223500003,,0,0,0
A,A,0.33326585299983,,0,0,0
o,o,0.31573820499989,,0,0,0
o,o,1.1746267799999,,0,0,0
i,i,0.93303767199995,,0,0,0
o,o,0.42312113700063,,0,0,0
a,a,0.71330469500026,,0,0,0
o,o,1.3808982689998,,0,0,0
a,a,0.69501158599996,,0,0,0
i,i,0.40619635900021,,0,0,0
i,i,0.38644747800026,,0,0,0
i,i,1.4186770960005,,0,0,0
i,i,0.69803012699958,,0,0,0
a,a,0.55825257099968,,0,0,0
o,o,0.4099339860004,,0,0,0
i,i,0.15424447900023,,0,0,0
i,i,0.43426193999949,,0,0,0
a,a,0.33995525200044,,0,0,0
o,o,0.37630959699982,,0,0,0
s,s,4.5333280120003,,0,0,0
i,i,0.086341149999498,,0,0,0
o,o,0.66667725600018,,0,0,0
a,a,0.28657388100055,,0,0,0
a,a,0.40577395899982,,0,0,0
a,a,1.310559992,,0,0,0
o,o,85.536499913,,0,0,0
o,o,1.2794445830004,,0,0,0
o,o,0.191007256999,,0,0,0
i,i,0.61770091500148,,0,0,0
i,i,0.96534513299957,,0,0,0
o,o,0.33441264700014,,0,0,0
i,i,0.75206996100133,,0,0,0
cw,cw,0.29669248699975,,0.005540927999391,0,0
o,o,0.35581425200144,,0,0,0
i,i,0.15542731099958,,0,0,0
i,i,1.1434306339997,,0,0,0
i,i,0.31311105500026,,0,0,0
O,O,2.8219469259984,,0,0,0
O,O,0.91106560299886,,0,0,0
s,s,0.013223190000645,,0,0,0
o,o,3.547861047,,0,0,0
i,i,0.32605571800013,,0,0,0
A,A,0.32782968699939,,0,0,0
i,i,0.83574708500055,,0,0,0
o,o,1.4590559750013,,0,0,0
o,o,0.46242138699927,,0,0,0
A,A,0.65660642199873,,0,0,0
o,o,0.74183793299926,,0,0,0
o,o,0.72691564500019,,0,0,0
o,o,0.79271172299923,,0,0,0
i,i,0.34334674500133,,0,0,0
A,A,0.18559064600049,,0,0,0
i,i,0.31313256600151,,0,0,0
o,o,0.18238772400036,,0,0,0
a,a,0.50902396299898,,0,0,0
i,i,4.0667915760005,,0,0,0
d**,ddO,0.93001186800029,,0.0054722040003981,0.52786015799938,0
A,A,0.1917411480008,,0,0,0
O,O,0.80754908500057,,0,0,0
o,o,1.5385417840007,,0,0,0
A,A,0.30473540899948,,0,0,0
cw,cw,0.63184908299991,,0.0053336390010372,0,0
a,a,0.6332777560001,,0,0,0
o,o,1.5530355270002,,0,0,0
O,O,0.85321662599927,,0,0,0
s,s,0.012404930001139,,0,0,0
A,A,3.7025092080003,,0,0,0
A,A,0.28695940500074,,0,0,0
A,A,0.58786080699974,,0,0,0
i,i,0.16991714299911,,0,0,0
i,i,1.5531925300002,,0,0,0
a,a,0.4081686770005,,0,0,0
i,i,1.3816860790012,,0,0,0
i,i,0.33024228500108,,0,0,0
a,a,0.56453437500022,,0,0,0
s,s,3.1219973820007,,0,0,0
A,A,0.36392813299972,,0,0,0
i,i,0.67975014799958,,0,0,0
o,o,0.62685990099999,,0,0,0
A,A,0.50833253500059,,0,0,0
O,O,0.57958545199835,,0,0,0
A,A,0.19662417099971,,0,0,0
o,o,0.21988243799933,,0,0,0
i,i,0.34859238399986,,0,0,0
i,i,1.6966049059993,,0,0,0
o,o,0.96468024400019,,0,0,0
o,o,0.37315528500039,,0,0,0
O,O,0.96309903700057,,0,0,0
i,i,1.3466617909999,,0,0,0
A,A,0.86831798699859,,0,0,0
A,A,3.8895321579985,,0,0,0
cw,cw,1.2516614389988,,0.0055032139989635,0,0
a,a,1.1732760499999,,0,0,0
A,A,0.25989395099896,,0,0,0
i,i,0.14157946100022,,0,0,0
i,i,13.296683448001,,0,0,0
i,i,0.30580481800098,,0,0,0
A,A,1.0139968520016,,0,0,0
i,i,0.40815750199909,,0,0,0
d**,dli,1.1453359040006,,4.860999979428e-05,0.80873470999904,0
o,o,1.9466160350003,,0,0,0
i,i,0.23703126600049,,0,0,0
A,A,0.37673423100023,,0,0,0
o,o,0.29664834600044,,0,0,0
O,O,1.0337577460014,,0,0,0
i,i,0.17715018599847,,0,0,0
i,i,0.15170588799992,,0,0,0
i,i,0.7347929030002,,0,0,0
i,i,0.84883478300071,,0,0,0
O,O,1.8023049429994,,0,0,0
A,A,0.47216257099899,,0,0,0
A,A,0.40722470199944,,0,0,0
a,a,0.43452370500017,,0,0,0
o,o,1.2699967320004,,0,0,0
o,o,1.0800220100009,,0,0,0
I,I,0.73066081299839,,0,0,0
i,i,0.35006435899959,,0,0,0
A,A,2.5669234270008,,0,0,0
i,i,0.33503311800087,,0,0,0
a,a,8.0070572830009,,0,0,0
A,A,1.2862647239999,,0,0,0
o,o,0.27994315000069,,0,0,0
a,a,0.41464938900026,,0,0,0
i,i,0.55182521700044,,0,0,0